2015,,2014,,2013,,2012,,2011,,2010,,2009,,2008,,2007,,2006,
Kansas,23.65358344,Kentucky,29.5916896,Louisville,25.14265146,Indiana,25.44025343,Kentucky,25.4100968,Ohio St.,26.48802111,Duke,26.60921878,North Carolina,26.8715279,Kansas,28.29280744,North Carolina,27.62565458
Michigan St.,23.19914341,Wisconsin,24.85308174,Arizona,23.76682444,Louisville,25.31584766,Ohio St.,24.63798556,Duke,25.08546872,Kansas,26.34858847,UConn,23.3161847,North Carolina,25.2605122,Florida,25.11083503
West Virginia,22.30337588,Arizona,24.64688684,Florida,21.11843881,Florida,24.23369888,Kansas,22.40911368,Kansas,24.66272113,Syracuse,23.03107706,Pittsburgh,22.50237479,Memphis,24.96447606,Kansas,24.02454673
North Carolina,22.11190402,Duke,24.33190457,Kansas,20.79188366,Duke,21.93963,Michigan St.,22.05064193,Pittsburgh,21.42577268,Kentucky,22.44740396,Memphis,22.38273414,UCLA,23.32813683,Ohio St.,22.86322939
Villanova,21.91290471,Virginia,23.07023148,Wisconsin,20.1152559,Michigan,21.80615736,North Carolina,22.02032713,Texas,21.4087358,Kansas St.,21.11887494,Louisville,22.29675368,Duke,23.01214815,Texas A&M,22.7146589
Louisville,21.63332922,Villanova,22.90716206,Duke,20.01822606,Kansas,21.31411375,Syracuse,21.80872055,Kentucky,20.82061308,Ohio St.,20.59093334,Duke,21.36768685,Wisconsin,20.95981884,UCLA,22.12158668
Virginia,21.23472483,Utah,21.43637784,Oklahoma St.,19.54340191,Gonzaga,21.05961792,Missouri,20.45130223,Washington,20.69008922,West Virginia,20.47858925,Missouri,21.16806098,Louisville,20.2283618,Georgetown,20.86625708
Duke,20.81609729,Gonzaga,21.33082057,Villanova,19.41017856,Syracuse,20.80982599,Wisconsin,19.73983767,Purdue,20.02410314,Texas,20.00412518,UCLA,20.10840184,Georgetown,20.0086048,Memphis,20.8452962
Oklahoma,20.58445439,North Carolina,21.32352515,Michigan St.,19.24373088,Ohio St.,20.7449045,Indiana,19.31589898,Syracuse,19.4625692,BYU,19.97115142,Gonzaga,20.0019708,Tennessee,19.70288621,Wisconsin,20.56563624
Miami (FL),20.14679642,Ohio St.,20.88407454,Michigan,19.09298078,Pittsburgh,19.38625547,Florida,18.93787143,North Carolina,19.45006779,Baylor,19.3462364,West Virginia,19.91638619,Texas,19.67568057,Maryland,20.20527839
Purdue,20.04783145,Oklahoma,19.95098905,Iowa St.,19.0805988,Wisconsin,19.27926429,Wichita St.,18.09981709,Wisconsin,19.40239994,Wisconsin,19.23016649,Kansas,19.67923847,Marquette,19.37514046,Duke,20.1571536
Indiana,19.98950088,Kansas,19.71434877,Virginia,18.88161324,Michigan St.,19.17141925,Duke,17.73333393,BYU,19.2223995,Maryland,19.22721167,Oklahoma,19.38230853,West Virginia,19.22310254,Kentucky,18.41408813
Kentucky,19.6409759,Baylor,19.35852784,UCLA,18.8349451,Arizona,17.79115263,Marquette,17.6277322,Louisville,19.19734515,Missouri,18.81090937,Michigan St.,18.97884237,Clemson,18.62257813,Pittsburgh,18.20476288
Xavier,19.56783307,Iowa St.,19.2075087,Creighton,18.51828612,Miami (FL),17.47761573,Memphis,17.53664349,Notre Dame,18.77945001,Purdue,18.5609383,Villanova,18.85488319,Xavier,18.40744616,Notre Dame,18.1438629
SMU,19.24612016,Louisville,19.06722302,Kentucky,18.46476313,Minnesota,17.39826133,Georgetown,17.4976079,San Diego St.,18.6318457,California,18.40588859,Syracuse,18.66743415,Stanford,17.92287607,Indiana,18.12572215
Arizona,19.22253686,Notre Dame,18.83727885,Iowa,18.30518518,VCU,17.38770244,Baylor,17.22571444,UConn,18.55650346,Georgetown,18.36784081,Washington,18.44053146,Washington St.,17.90340555,Georgia Tech,17.9693263
Vanderbilt,19.06472513,Michigan St.,17.34378504,Ohio St.,18.29454467,Creighton,16.99766419,Louisville,16.87967303,Illinois,17.37317762,Villanova,18.00639427,Arizona St.,18.14927483,Texas A&M,17.8101639,Michigan St.,17.63185974
Iowa,18.43319234,Texas,17.2547507,Pittsburgh,17.98543843,Georgetown,16.34373548,Vanderbilt,16.39437998,Arizona,17.09059453,Xavier,17.49359577,Purdue,17.64795232,Michigan St.,17.67798801,Arizona,17.48721387
Texas A&M,18.42961323,Butler,17.08722476,Tennessee,17.74630324,Oklahoma St.,16.08799108,New Mexico,16.33072849,West Virginia,16.78352802,Clemson,17.40985179,Wake Forest,17.13257864,Kansas St.,17.40977372,Texas,17.41673341
Maryland,18.00047477,West Virginia,16.83346457,UConn,17.67078692,Missouri,15.82459597,Saint Louis,15.83155208,Florida,16.77365278,Washington,17.40058701,Clemson,16.90159957,Indiana,17.06520879,Villanova,17.36637267
Iowa St.,17.80110095,Iowa,16.47626183,Wichita St.,17.08674906,Baylor,15.59456787,Florida St.,15.21734376,Cincinnati,16.0513224,Tennessee,17.38552577,Marquette,16.84987366,Pittsburgh,16.85289394,Louisville,17.33409516
Wichita St.,17.65067058,Georgetown,16.39926051,Syracuse,16.57088592,Wichita St.,15.21871966,Kansas St.,15.15170323,Marquette,15.8004706,Michigan St.,17.00778413,BYU,16.5469573,Notre Dame,16.78260484,Oregon,17.24171282
Utah,17.5359509,Xavier,15.39682924,Baylor,16.32402305,St. Mary's (CA),15.08977563,Texas,14.68339487,Villanova,15.65086503,Minnesota,16.96712637,Texas,16.13939648,UConn,16.66622541,Clemson,16.63300362
California,17.06578825,Wichita St.,15.36407784,Oregon,16.1629992,Iowa St.,15.01212567,Purdue,14.55598822,Vanderbilt,15.5792347,Marquette,16.95959064,Georgetown,15.72376106,Arizona,16.13608774,Mississippi St.,16.51427777
Oregon,17.05141862,Arkansas,14.79532776,North Carolina,16.05134981,North Carolina,14.99539275,Gonzaga,14.54597256,Maryland,15.57577599,Texas A&M,16.93759248,Xavier,15.70020308,Gonzaga,16.00969486,Air Force,16.38478762
Baylor,16.80984753,North Carolina St.,14.75616617,Gonzaga,15.93187327,Cincinnati,14.96595124,California,14.47676908,Missouri,15.43209501,Vanderbilt,16.56740896,Illinois,15.67331263,Davidson,15.53844702,Tennessee,16.23617801
Butler,16.59226948,Oklahoma St.,14.54059159,Cincinnati,15.66498545,Saint Louis,14.93584319,Alabama,14.44093872,UNLV,15.26427402,Florida St.,16.06198127,Southern California,15.5585262,Ohio St.,15.51072144,Purdue,16.04243084
Pittsburgh,16.36777991,BYU,14.37456188,Oklahoma,15.44941434,North Carolina St.,14.82582039,UNLV,14.23416563,Kansas St.,15.19358455,Butler,15.618786,Oklahoma St.,15.16551976,Southern California,15.40424261,West Virginia,15.71890383
Cincinnati,15.97250703,Davidson,14.33851183,San Diego St.,15.35545266,Ole Miss,14.79668881,Iowa St.,14.00286107,Georgetown,15.15313735,Pittsburgh,15.60032515,Tennessee,15.11609455,Drake,15.15150468,Virginia Tech,15.69675676
UConn,15.88009066,Illinois,14.18106958,VCU,15.05218674,Iowa,14.75756064,Michigan,13.8793286,Michigan,14.84431502,Georgia Tech,15.54789754,California,14.67259853,Mississippi St.,14.59888149,Illinois,15.58985614
Texas,15.87982181,Maryland,14.10930524,Arkansas,14.75381726,Marquette,14.54666439,Cincinnati,13.61594601,Gonzaga,14.4755159,Louisville,15.38215269,Florida,14.41797878,Florida,14.57800754,Florida St.,15.44580656
Gonzaga,15.86747195,Providence,13.92811384,SMU,14.16619666,Kentucky,14.34144185,Creighton,13.60232767,Virginia Tech,14.41279959,Utah St.,14.60698858,Notre Dame,14.13032808,Purdue,14.41996407,Xavier,15.42835887
Michigan,15.38442057,Purdue,13.80755053,Stanford,13.86487757,Oregon,14.33456032,Stanford,13.322965,Michigan St.,14.34476336,St. Mary's (CA),14.57679059,Kentucky,14.12386944,New Mexico,14.22806926,Syracuse,15.22586359
St. Mary's (CA),14.96567012,Florida,13.6132252,Arizona St.,13.77121632,Notre Dame,14.25960164,Virginia,13.20361251,Clemson,14.31380587,Ole Miss,14.49505101,Utah,14.10104356,Syracuse,13.90245333,Missouri St.,15.16407611
Florida,14.78597916,Indiana,13.2791888,Memphis,13.42831296,Colorado St.,14.22496239,UConn,12.96055803,Florida St.,14.04429917,Arizona St.,14.44978234,Kansas St.,13.80749995,Butler,13.80451568,Arkansas,15.06727997
Wisconsin,14.55239581,St. John's (NY),13.1699982,New Mexico,13.3625229,Kansas St.,14.0888849,West Virginia,12.81307113,Utah St.,13.83868567,Notre Dame,14.40752796,LSU,13.70054524,Arkansas,13.78001854,Marquette,14.99853874
Notre Dame,14.49234996,SMU,13.16271033,Texas,13.18955128,New Mexico,13.84536804,North Carolina St.,12.78281545,St. John's (NY),13.71146563,Dayton,14.15650971,Wisconsin,13.67897472,Oklahoma,13.45533697,Southern California,14.99733737
Seton Hall,14.10263153,Georgia,12.99865056,Florida St.,13.12690616,Illinois,13.76517705,Belmont,12.49455207,St. Mary's (CA),13.63585164,UTEP,14.0879544,Miami (FL),13.61506102,Missouri,13.30388228,Boston College,14.98480961
Southern California,14.04944072,Stanford,12.89902843,Louisiana Tech,12.93119941,San Diego St.,13.55835923,St. Mary's (CA),11.94578629,Belmont,13.59365342,UNLV,13.9090697,Ohio St.,13.55393257,BYU,13.29686993,Southern Ill.,14.86343474
Syracuse,13.97283902,Minnesota,12.83319544,Utah,12.8935478,UNLV,13.43142259,BYU,11.92431481,Texas A&M,13.18535564,Oklahoma St.,13.89651707,Baylor,13.51121786,Oregon,13.24356223,Butler,14.78247046
VCU,13.96022477,VCU,12.77281678,Kansas St.,12.68350239,Virginia,13.40597717,Notre Dame,11.86595448,Wichita St.,13.13826857,UConn,13.85266062,Arizona,13.40656927,Ole Miss,13.16018201,Oklahoma,14.72608993
Creighton,13.80261484,Miami (FL),12.70682286,Minnesota,12.54100425,UCLA,13.38027211,Arizona,11.5935379,Temple,12.94166198,New Mexico,13.75748147,San Diego St.,13.09132553,Virginia Tech,13.03137462,Washington St.,14.58580692
Texas Tech,13.53707368,UNI,12.56181753,Xavier,12.37297031,Memphis,12.72036102,Washington,11.46711485,Washington St.,12.84950052,Memphis,13.68999877,New Mexico,12.80413583,Miami (FL),13.01626752,UConn,14.53310317
Kansas St.,13.44709139,Vanderbilt,12.39865629,West Virginia,12.32571351,Colorado,12.45066902,Miami (FL),11.43167344,Penn St.,12.59683668,Temple,13.67675404,Washington St.,12.75826079,Baylor,12.96529924,Virginia,14.4691585
Florida St.,12.79554818,San Diego St.,12.3235327,St. John's (NY),12.1070546,UConn,12.39736631,Minnesota,11.39964051,Xavier,12.50103461,Mississippi St.,13.65132583,Florida St.,12.64500711,Nebraska,12.74265135,Georgia,14.32640523
Houston,12.67531198,Texas A&M,12.29935841,Maryland,12.09138444,Butler,12.09772099,UCLA,11.21492446,Minnesota,12.42747599,Florida,13.54831336,Minnesota,12.63887218,St. Mary's (CA),12.63545085,UNLV,14.22282971
South Carolina,12.54976791,TCU,12.27861605,Saint Louis,12.09053276,Stanford,11.93230305,Temple,11.11824398,New Mexico,12.2897076,Virginia Tech,13.41183389,Michigan,12.46138306,Illinois,12.36377603,LSU,14.08793997
Colorado,12.4001495,LSU,12.25280183,BYU,11.99868558,Oklahoma,11.91324171,Seton Hall,10.91951701,UCLA,12.28536079,Gonzaga,13.38851625,Stanford,12.44901914,Vanderbilt,12.15468595,Vanderbilt,13.97685116
Georgia Tech,12.38070173,Syracuse,12.24982036,Providence,11.86696535,Maryland,11.8874704,Oregon,10.87385868,Northwestern,12.27937751,Illinois,13.20647471,Maryland,12.23005572,Villanova,12.13639326,Creighton,13.81067205
BYU,12.27676529,Ole Miss,12.18141136,Indiana,11.75098344,Middle Tenn.,11.62660086,Xavier,10.26006806,George Mason,12.22989252,UNI,12.96273937,Texas A&M,11.5787366,Arizona St.,12.07519184,DePaul,13.64870637
Dayton,12.12179953,UCLA,11.64690166,Clemson,11.59310307,Villanova,11.25534511,Long Beach St.,10.2117275,Alabama,12.18274577,Wake Forest,12.86186542,UAB,11.50313,UNLV,11.67864625,Gonzaga,13.4998869
Clemson,12.02900635,Oregon,11.48313995,Georgetown,11.41743423,BYU,11.25164812,Tennessee,10.17233837,Butler,12.1506153,Miami (FL),12.85572243,Butler,11.37391413,Minnesota,11.62921482,BYU,12.73384135
Washington,11.84867998,South Carolina,11.42351135,Colorado,11.2120365,California,11.1702003,Pittsburgh,10.11656612,Southern California,12.09697792,Old Dominion,12.69316959,Auburn,11.37181801,Florida St.,11.40511663,Akron,12.47190327
UCLA,11.78363027,Dayton,11.18110379,George Washington,11.13702406,Belmont,10.8183169,Illinois,10.01893603,Colorado,12.02738469,San Diego St.,12.42171662,Boston College,11.17814594,California,11.14897756,Missouri,12.10689954
Saint Joseph's,11.59112739,Cincinnati,10.89272845,California,11.1212715,La Salle,10.70130135,South Fla.,9.889209698,Richmond,11.80045188,North Carolina,12.28529449,Utah St.,11.04743991,Oklahoma St.,11.00472129,Bradley,12.09139145
Arkansas,11.5511858,Alabama,10.61158712,Massachusetts,11.11528761,Boise St.,10.45702722,Mississippi St.,9.814804092,Seton Hall,11.64437668,Seton Hall,11.71935568,St. Mary's (CA),10.68675489,Massachusetts,10.94925847,Alabama,12.04296143
Providence,11.19461385,Boise St.,10.39520325,Harvard,11.1016342,Arkansas,10.23230082,San Diego St.,9.725781276,Tennessee,11.56491964,Alabama,11.63711816,South Carolina,10.62564773,Saint Joseph's,10.8945286,Nevada,12.00721932
San Diego St.,11.13656252,Arizona St.,10.37341152,Dayton,11.03508836,Illinois St.,10.19904577,Virginia Tech,9.616248891,Nebraska,11.12307642,VCU,11.53696693,Mississippi St.,10.49103755,Washington,10.88608555,Michigan,12.00400159
Oregon St.,11.01960109,St. Mary's (CA),9.644735397,Illinois,10.71073884,Alabama,10.19178325,Northwestern,9.553832351,Miami (FL),11.02150918,Cincinnati,11.47735161,Penn St.,10.47777043,Maryland,10.78931011,Stanford,11.88761982
Valparaiso,10.98563438,Rhode Island,9.620023959,Nebraska,10.58033983,Temple,10.02683954,Oregon St.,9.531026542,Duquesne,10.95582373,Richmond,11.29231968,Northwestern,10.42638192,Georgia Tech,10.63413439,Kansas St.,11.73886091
Tulsa,10.9174158,Kansas St.,9.441185427,Marquette,10.52444251,Dayton,9.90950862,VCU,9.476462151,Georgia,10.92239563,Michigan,11.19470707,Nebraska,10.2564121,Kentucky,10.57559213,Providence,11.37935957
George Washington,10.89673738,Colorado St.,9.377849379,Missouri,10.48094291,Denver,9.884877772,Murray St.,9.412625631,Baylor,10.57553113,Iowa St.,10.98551671,Temple,10.18119022,Western Ky.,10.34559706,Washington,11.35733978
Ohio St.,10.83553831,Pittsburgh,9.294486358,LSU,10.38891658,Providence,9.775549315,Middle Tenn.,9.369563118,Boston College,10.34772333,UAB,10.94652829,UNLV,10.13563111,Duquesne,10.11826271,Ole Miss,11.2557325
Georgetown,10.81322149,Michigan,9.277666769,St. Mary's (CA),9.71506648,Purdue,9.57696772,New Mexico St.,9.333912715,California,10.01774347,Boston College,10.67513426,Virginia Tech,10.0479434,Southern Ill.,9.864013565,Oklahoma St.,11.01720598
North Carolina St.,10.63833832,Seton Hall,9.135004653,Saint Joseph's,9.557198605,Tennessee,9.407137078,La Salle,9.245359403,Oakland,9.797117661,St. John's (NY),10.57578527,Tulsa,10.01371386,Illinois St.,9.763942296,Wichita St.,10.87165213
Stanford,10.5380695,George Washington,9.047347738,North Carolina St.,9.521106227,Southern Miss.,9.404999828,Dayton,9.16242073,Indiana,9.635121364,Rhode Island,10.39193569,Creighton,10.00348686,Houston,9.722856156,Massachusetts,10.76246872
LSU,10.52349356,Richmond,8.966788272,Boise St.,9.415965621,Arizona St.,9.363079698,Iona,9.029012506,Old Dominion,9.590434735,North Carolina St.,10.28492239,North Carolina St.,9.877726188,Rhode Island,9.673966081,Texas Tech,10.55379807
Northwestern,10.38172686,Old Dominion,8.624065526,Purdue,9.228018207,UNI,9.175930889,Saint Joseph's,8.935609913,Iowa St.,9.442789837,Virginia,10.18674678,Houston,9.87133319,Texas Tech,9.666208203,Iowa,10.43995241
Georgia,9.738436266,Stephen F. Austin,8.495524664,Texas Tech,9.185686681,Akron,8.568637807,St. Bonaventure,8.930258582,UTEP,9.167284856,Murray St.,10.07344669,Cincinnati,9.725162925,UAB,9.604455348,VCU,10.35774482
Nebraska,9.631803193,Buffalo,8.385892831,UNLV,8.991603976,Washington,8.449818566,Colorado,8.597237876,Ole Miss,9.165636635,Southern California,10.0702063,Vanderbilt,9.566355972,Providence,9.55124584,Winthrop,10.23754476
Virginia Tech,9.395594222,Clemson,8.285777721,Alabama,8.776302308,Xavier,8.261949841,Villanova,8.573918949,VCU,9.09644151,Texas Tech,10.06264722,Illinois St.,9.536027288,Temple,9.456679697,California,10.08369202
Oklahoma St.,9.271354472,UConn,8.265284215,Notre Dame,8.699390178,Saint Joseph's,7.859873855,Harvard,8.530832694,Oklahoma St.,9.088258855,South Fla.,10.05732379,Providence,9.325084507,Wake Forest,9.434272688,Davidson,9.934493023
Arizona St.,9.197641257,Colorado,8.147710424,Georgia,8.336793509,Davidson,7.792726098,Southern Miss.,8.466252209,UAB,8.8895287,Tulsa,9.945020232,Davidson,9.217418378,Alabama,9.406897923,North Carolina St.,9.834308422
Marquette,9.035611694,Temple,7.946602429,Ole Miss,8.251772748,Valparaiso,7.653976442,Massachusetts,8.171673071,Southern Miss.,8.688348014,Northwestern,9.686874804,Siena,9.201500664,Utah,9.287873495,Old Dominion,8.969087101
Memphis,8.915533993,Penn St.,7.732957823,Penn St.,8.141655543,Bucknell,7.520405685,Drexel,8.055094363,Missouri St.,8.667775784,Siena,9.628800311,Rhode Island,9.009957863,Creighton,9.278234578,UNI,8.866051904
Mississippi St.,8.703046375,Georgia Tech,7.684227472,Miami (FL),8.108897153,Ohio,7.411219295,Clemson,7.990634616,Iowa,8.59024238,South Carolina,9.611330058,Seton Hall,8.910981789,Dayton,9.277499718,South Dakota,8.550395737
Rhode Island,8.687060982,Illinois St.,7.67198062,Seton Hall,7.987771844,Richmond,7.402847963,South Dakota St.,7.978359807,Rutgers,8.478725545,Wichita St.,9.469130241,VCU,8.890974447,Kent St.,8.75892137,San Diego St.,8.456031101
Alabama,8.494619566,Memphis,7.605491302,Green Bay,7.620790751,Texas,7.318178477,Oklahoma,7.966331761,Cleveland St.,8.191622775,Cornell,9.353838247,North Dakota St.,8.690599939,South Carolina,8.616564745,Hawaii,8.42254279
Hawaii,8.366744496,Creighton,7.529838506,Butler,7.521075193,Washington St.,7.220019597,Davidson,7.938433036,Colorado St.,8.049368436,Marshall,9.322863978,Cleveland St.,8.381003869,Virginia,8.581922664,Nebraska,8.38372907
Ole Miss,8.167893895,Tennessee,7.456947744,Southern Miss.,7.369395432,Detroit,7.192711714,Ohio,7.832806883,Iona,7.589019668,Georgia,9.104696841,Dayton,8.347744035,South Ala.,8.522923253,Auburn,8.013465902
Tennessee,8.05945242,Marquette,7.395591904,Tulsa,7.072742223,Santa Clara,7.18836315,Iowa,7.712317829,North Carolina St.,7.581623169,Arizona,9.062872792,UTEP,8.120504758,Georgia,8.178781063,Kent St.,7.744994037
Richmond,8.006253234,Tulsa,7.188047965,North Dakota St.,6.738043354,Georgia Tech,7.090002852,Oklahoma St.,7.699674961,Oregon,7.533255767,Missouri St.,8.830175797,Iowa,7.919536344,Tulsa,8.119753613,Santa Clara,7.654303927
Boise St.,7.983442662,Central Mich.,7.054941477,Washington,6.689943563,Texas A&M,6.905261701,Marshall,7.678952578,Providence,7.515141045,Providence,8.63423448,Ole Miss,7.412830226,IUPUI,7.96448054,Wake Forest,7.293107945
Temple,7.879996133,Florida St.,6.98515862,St. Bonaventure,6.664655305,Southern California,6.823965148,UNI,7.677092302,Georgia Tech,6.978165809,Colorado,8.382133379,Green Bay,7.384497921,VCU,7.91272084,Seton Hall,7.16109128
Evansville,7.846050667,Boston College,6.674682046,Manhattan,6.491526438,Vanderbilt,6.675796245,Wyoming,7.472370196,Stanford,6.969323074,Nebraska,8.276123185,Niagara,7.296449442,Charlotte,7.743273133,Drexel,7.022713664
UNI,7.783662297,Green Bay,6.670852186,Oregon St.,6.449237319,Boston College,6.594434764,LSU,7.347933549,Arkansas,6.737387252,Houston,8.17137935,Virginia,7.181773702,Akron,7.573424677,Illinois St.,6.978415938
UNLV,7.569105531,Northwestern,6.664099347,Iona,6.443504773,Oregon St.,6.570734662,Colorado St.,7.216243885,Col. of Charleston,6.72741168,Wright St.,7.984571514,UNI,6.975138944,Boston College,7.441579289,Baylor,6.887220071
Yale,7.365867029,Nebraska,6.653838729,Georgia St.,6.419236524,Rutgers,6.469870343,Ole Miss,7.214548682,Marshall,6.680191446,Penn St.,7.939993583,Alabama,6.912918294,George Mason,7.398869029,Houston,6.815388934
St. Bonaventure,7.218773866,Oregon St.,6.626028991,San Francisco,6.260583667,Weber St.,6.439850921,Illinois St.,7.003559354,UCF,6.590903174,Nevada,7.818163847,Georgia Tech,6.874801433,Oral Roberts,7.383561215,Miami (FL),6.761657711
James Madison,7.186415191,Valparaiso,6.330988085,Richmond,6.206699647,Massachusetts,6.345172221,Akron,7.000866159,Virginia,6.554624762,Portland,7.795882633,Duquesne,6.584053846,UCF,7.078101716,George Washington,6.643852104
Oakland,6.934676456,Louisiana Tech,6.318557019,New Mexico St.,6.103439587,Clemson,6.330285144,Washington St.,6.860277865,Tulsa,6.464158326,Northeastern,7.76775013,Texas Tech,6.37605614,Bradley,7.022951393,New Mexico St.,6.496214039
Princeton,6.87147306,Murray St.,6.195189299,Wake Forest,6.011089368,St. John's (NY),6.318640219,Denver,6.8236451,Memphis,6.320294624,Oklahoma,7.686646074,Nevada,5.871863766,Miami (OH),7.003499636,Saint Joseph's,6.341626568
Little Rock,6.846232827,Pepperdine,6.034482105,Vanderbilt,5.935757744,Florida St.,6.219664595,Missouri St.,6.812453713,Boise St.,6.076622528,Arkansas,7.205454159,Vermont,5.669101646,New Mexico St.,6.944285101,Miami (OH),6.283893676
UNCW,6.469081523,Washington,5.923410708,Texas A&M,5.899544921,LSU,6.207255437,Georgia,6.600906832,Creighton,5.48252655,Auburn,6.870177724,St. John's (NY),5.614082709,Missouri St.,6.839662925,Evansville,6.268535388
Davidson,6.270957344,Toledo,5.899738856,South Carolina,5.82954884,Louisiana Tech,6.126023602,Tulsa,6.498477247,Harvard,5.457828948,Stanford,6.763649544,Oregon St.,5.583322805,San Diego St.,6.755276617,Appalachian St.,6.252561631
South Dakota St.,6.105536563,UTEP,5.824924587,UNI,5.748091774,Stony Brook,6.105936614,Arkansas,6.437480682,Dayton,5.457273147,Illinois St.,6.747460358,Saint Joseph's,5.379107217,LSU,6.401742444,Fresno St.,5.903326303
Monmouth,6.096008711,San Diego,5.652100424,Georgia Tech,5.60321559,Seton Hall,6.052067967,Georgia St.,6.364294962,Portland,5.296853974,Saint Louis,6.688657905,Arkansas,5.300215616,Cal St. Fullerton,6.366846681,Oral Roberts,5.650932446
Wake Forest,6.041280111,UNLV,5.602096919,Auburn,5.502451566,Wyoming,5.929349981,Texas A&M,6.255321126,UNI,5.116117094,Kent St.,6.53923757,Western Ky.,5.228936714,South Fla.,6.262428398,Loyola Chicago,5.568171724
Akron,5.809935917,Georgia St.,5.305780319,UTEP,5.49392694,Northwestern,5.914098982,Rutgers,6.10635415,Valparaiso,4.914235206,UCLA,6.537391284,George Mason,5.025776465,North Carolina St.,6.210736376,Tulsa,5.55507261
William & Mary,5.603648415,California,5.298897882,Mercer,5.480880555,Evansville,5.821639683,Cleveland St.,6.030794269,Wofford,4.906743376,Washington St.,6.455564586,Iowa St.,4.965784278,Colorado,5.981798519,Utah St.,5.54748456
UT Arlington,5.543735623,Wake Forest,5.215581674,Stephen F. Austin,5.255177931,New Mexico St.,5.774400908,Oral Roberts,5.858997411,Arizona St.,4.867324727,Ohio,5.868210272,Oral Roberts,4.641043442,Seton Hall,5.974919377,St. Mary's (CA),5.371457991
UC Irvine,5.370794227,La Salle,4.985039311,Utah St.,5.222356579,North Dakota St.,5.7230244,Richmond,5.395766185,South Fla.,4.860599144,Southern Miss.,5.575228914,La Salle,4.628223675,UTEP,5.953434628,Penn,5.371222045
Hofstra,5.341532415,Bowling Green,4.816457001,Northwestern,5.094317869,Georgia,5.720380948,Montana,5.224015102,South Carolina,4.660198088,Wofford,5.492158319,Wright St.,4.533827004,DePaul,5.906461775,George Mason,5.351875303
New Mexico,5.245994159,Iona,4.81067906,Portland,5.086045785,Indiana St.,5.644480795,UCF,5.01194411,Texas Tech,4.605478367,Charlotte,5.245147951,Akron,4.520032774,Iowa St.,5.900612205,St. John's (NY),5.339475049
TCU,4.970231826,Texas Tech,4.726934378,Vermont,4.970303311,Utah,5.26756772,Lehigh,4.949531581,Drexel,4.590233558,Utah,5.105035508,Miami (OH),4.378081611,Cincinnati,5.89189911,Northwestern,5.329723202
SFA,4.615899579,Portland,4.704771213,Middle Tenn.,4.901154789,West Virginia,5.10862318,Nevada,4.867477126,South Dakota St.,4.528828674,Oregon,4.994705896,Cornell,4.092470794,Penn St.,5.868152316,UAB,5.133473175
UAB,4.519135933,UC Santa Barbara,4.653429861,Wyoming,4.849860227,UTEP,5.045228621,Providence,4.843605721,Long Beach St.,4.394913585,Montana,4.949187469,South Fla.,4.023418533,Siena,5.395098561,Colorado St.,5.114882506
Fresno St.,4.514352785,Hofstra,4.497825675,Cleveland St.,4.808660959,Nebraska,4.940031955,Buffalo,4.814462325,Oklahoma,4.315934375,Creighton,4.941196653,Portland,3.980664294,Nevada,5.383251814,UCF,5.062792944
Illinois,4.383365283,Massachusetts,4.183775786,UC Irvine,4.725350625,Stephen F. Austin,4.81193565,Duquesne,4.778198881,Princeton,4.277859978,Louisiana Tech,4.679014614,Oakland,3.962683387,Ohio,5.186042808,Cincinnati,5.045991324
Chattanooga,4.380969973,Harvard,4.177731954,La Salle,4.61623022,George Washington,4.765585047,Old Dominion,4.76553904,Kent St.,4.242170943,Sam Houston St.,4.651785536,Old Dominion,3.95482934,UNI,4.822902932,South Carolina,4.995952161
Long Beach St.,4.072153191,DePaul,4.161476846,UC Santa Barbara,4.593464038,South Fla.,4.744880496,UC Santa Barbara,4.686211755,Indiana St.,4.03650412,Bradley,4.623009202,New Mexico St.,3.918711794,Western Mich.,4.797921251,Drake,4.978749163
Stony Brook,4.069671224,St. Bonaventure,4.060499195,N.C. Central,4.456373293,Iona,4.529353645,Maryland,4.634922246,Rhode Island,3.916049785,Southern Ill.,4.596507944,CSUN,3.846513876,Winthrop,4.792641493,UTEP,4.890827843
Illinois St.,4.008316245,New Mexico,4.048276396,Fresno St.,4.088861117,Utah St.,4.510028488,George Mason,4.498627291,Wright St.,3.877297672,George Washington,4.322071568,Richmond,3.671284437,Southern Miss.,4.621586218,North Dakota St.,4.783993403
Milwaukee,3.91719893,Sam Houston St.,4.007471597,Buffalo,4.050060709,Lehigh,4.503677023,Mercer,4.425589023,Mississippi St.,3.83876632,Morehead St.,4.307327497,TCU,3.554187742,Cleveland St.,4.601718677,Boise St.,4.603819443
UC Santa Barbara,3.758364544,Wyoming,3.893992979,Toledo,3.76622947,Harvard,4.456250922,Penn St.,4.403559704,Santa Clara,3.649996766,Weber St.,4.18099232,Evansville,3.538725877,Michigan,4.369970378,Arizona St.,4.53098716
Penn St.,3.5747364,Yale,3.890350561,Colorado St.,3.757101765,Air Force,4.160647488,Wagner,4.279273175,Buffalo,3.547512898,William & Mary,4.153159058,Pacific,3.501319296,Ill.-Chicago,4.225677527,Penn St.,4.482102749
Toledo,3.510941541,San Francisco,3.808819634,Indiana St.,3.738280121,Drake,3.981964477,Bucknell,4.241994669,Fairfield,3.514910006,Pacific,4.126493741,UCF,3.237776655,St. John's (NY),4.115352941,Southern Miss.,4.461643743
Missouri,3.500308674,Akron,3.730399171,Belmont,3.630654235,St. Bonaventure,3.974029799,Nebraska,4.192283456,James Madison,3.495921224,Akron,4.112435622,Northeastern,3.1157466,San Diego,3.963249864,Saint Louis,4.435903669
Iona,3.386679387,William & Mary,3.669202484,Boston College,3.530032018,Wake Forest,3.940723631,Boise St.,4.192072218,Saint Louis,3.43921951,SMU,3.893714823,Drake,3.113263247,Iowa,3.962001297,New Mexico,4.415099954
Old Dominion,3.311059245,New Mexico St.,3.507702955,Rhode Island,3.502365203,UCF,3.849706878,Utah St.,4.150267713,Morehead St.,3.325912523,Oregon St.,3.811978713,Bradley,3.072814234,Utah St.,3.781301579,Holy Cross,4.407921535
Minnesota,3.188844017,Utah St.,3.503410425,Princeton,3.338292038,Fresno St.,3.847291234,Evansville,4.140833015,Air Force,3.282409496,Iona,3.503482113,Southern Miss.,3.06718415,Old Dominion,3.761418489,A&M-Corpus Christi,4.346205258
Pepperdine,3.156376467,Eastern Mich.,3.33932989,La.-Lafayette,3.329137537,Princeton,3.67814353,Texas-Arlington,4.028994006,Utah,3.084913106,IUPUI,3.427636173,Wichita St.,3.037612277,Wright St.,3.625943807,Temple,4.251383595
Col. of Charleston,3.150895556,South Dakota St.,3.301444292,Hawaii,3.291162115,Penn St.,3.383694267,UNC Asheville,3.741414747,Bucknell,2.985600798,Western Ky.,3.414977227,Oregon,3.017047318,UNC Greensboro,3.6053912,Toledo,4.224878106
Southern Ill.,3.014245439,Mississippi St.,3.282300306,Houston,3.168784919,Charlotte,3.247976067,Fairfield,3.628445073,Coastal Caro.,2.867007521,New Mexico St.,3.323123283,Portland St.,2.896150263,Valparaiso,3.582882906,Dayton,4.005927911
Columbia,2.891105556,UC Davis,3.190031729,Delaware,3.16531824,FGCU,3.205229786,Butler,3.626975364,LIU Brooklyn,2.815129846,Harvard,3.199622896,Rutgers,2.79581453,Marshall,3.433954617,Iowa St.,3.76359156
Fordham,2.86184343,UC Irvine,3.144769364,Temple,3.129722164,San Francisco,3.161355996,UTEP,3.587237745,Akron,2.793554286,Appalachian St.,3.085805843,Stephen F. Austin,2.731515377,Auburn,3.360565283,Ohio,3.760406315
Siena,2.657318072,Cleveland St.,3.070792941,Ohio,3.129440664,East Carolina,2.986066673,Kent St.,3.433199731,Montana,2.779072999,Iowa,3.083295769,East Tenn. St.,2.705302838,Portland St.,3.253193759,Hofstra,3.701981474
Nevada,2.450214329,Hawaii,3.027501172,Southern California,3.040027263,South Dakota St.,2.877611784,South Carolina,3.33427195,New Mexico St.,2.645292131,Hofstra,2.944190207,Weber St.,2.645601097,North Texas,3.252798647,Western Mich.,3.656794296
Ohio,2.448343099,Evansville,2.984016199,UCF,2.807285978,Canisius,2.844379272,St. John's (NY),3.321052128,East Tenn. St.,2.610055123,Indiana,2.76416365,Buffalo,2.599342109,Boise St.,3.149415626,Utah Valley,3.614317892
Utah St.,2.295478408,Wofford,2.962415304,George Mason,2.52085826,Kent St.,2.841255889,UAB,3.284161055,Oral Roberts,2.609830078,Northern Colo.,2.69805499,Saint Louis,2.358069265,Rider,3.092661929,Wyoming,3.61325262
Duquesne,2.263845683,Kent St.,2.815989378,Nevada,2.46624119,Wright St.,2.729523983,Princeton,3.25031265,Detroit,2.504044981,Detroit,2.559904606,Wyoming,2.336526427,Stephen F. Austin,3.047770753,South Fla.,3.549102842
Auburn,2.238428928,Southern California,2.748057282,Virginia Tech,2.389719518,George Mason,2.550597874,Auburn,3.202439791,San Francisco,2.422276429,Rutgers,2.556550801,Ill.-Chicago,2.32192262,UC Santa Barbara,2.799675553,Western Ky.,3.491484243
La.-Lafayette,2.033628689,Auburn,2.743157272,Pacific,2.300609234,Pacific,2.47118471,Detroit,3.165979547,IUPUI,2.365153808,St. Bonaventure,2.47293764,Kent St.,2.270899626,CSUN,2.600900929,Indiana St.,3.42157048
DePaul,1.876192682,Charlotte,2.438026687,Eastern Mich.,2.224655815,Tulane,2.320693019,Drake,3.118625701,Loyola Chicago,2.359791746,Colorado St.,2.430860833,Belmont,2.091612376,Indiana St.,2.55756019,Bucknell,3.378105053
Belmont,1.811273069,Long Beach St.,2.38524024,Western Mich.,2.130612999,Virginia Tech,2.243303301,East Carolina,3.099501538,Rider,2.196735399,LSU,2.373829421,Charlotte,1.992790213,North Dakota St.,2.408228416,Utah,3.280317447
New Mexico St.,1.7529852,Western Mich.,2.196268811,DePaul,1.987193228,DePaul,2.207097179,Lamar,3.088198488,Milwaukee,2.146202846,DePaul,2.369166643,Jacksonville,1.84752005,Wichita St.,2.185136943,Wright St.,3.197135587
Northeastern,1.744536949,Northeastern,1.897323403,Boston U.,1.931306385,Green Bay,2.188920918,Loyola Marymount,2.891339077,Oregon St.,2.087377393,Indiana St.,2.256451063,Massachusetts,1.833276795,Tulane,1.984527636,Long Beach St.,3.161967278
Colorado St.,1.708906395,Missouri,1.728124522,San Diego,1.909135902,Eastern Ky.,2.147663742,Indiana St.,2.766273841,Rice,2.030530771,Milwaukee,2.156866365,Southern Ill.,1.644958019,Air Force,1.969096638,Minnesota,2.877531157
Middle Tenn.,1.695676899,Loyola Chicago,1.611942073,Washington St.,1.8371671,Bradley,1.817483378,DePaul,2.686360156,Northern Colo.,1.985219983,Duquesne,1.977388313,Marshall,1.601094054,Cornell,1.862411006,Marist,2.835556753
UCF,1.647537158,Virginia Tech,1.593477991,Long Beach St.,1.832879949,Loyola Maryland,1.812986004,San Francisco,2.597162635,East Carolina,1.979909406,Miami (OH),1.858416487,UT Martin,1.464949003,Fordham,1.739524154,Rhode Island,2.81702425
Marshall,1.601493673,Washington St.,1.302911039,Columbia,1.828335424,Mercer,1.74666701,Georgia Tech,2.424430048,St. Bonaventure,1.878283403,Cleveland St.,1.77434017,Colorado,1.315070045,Saint Louis,1.636370763,Fordham,2.497005598
Washington St.,1.561952906,Western Ky.,1.289093029,Canisius,1.717024319,Murray St.,1.666470251,TCU,2.416108301,UC Santa Barbara,1.865521507,Boston U.,1.722369133,Santa Clara,1.270369471,Sam Houston St.,1.500085796,Belmont,2.334024678
Morehead St.,1.49176608,UAB,1.098147846,Drexel,1.651109053,Texas-Arlington,1.268191841,Weber St.,2.198968888,TCU,1.501533781,Western Mich.,1.673240079,San Diego,1.233302027,Richmond,1.49729569,Col. of Charleston,2.271770097
East Carolina,1.448820077,La.-Lafayette,0.987327535,Akron,1.586880384,Arkansas St.,1.248351693,Manhattan,2.142117796,SMU,1.439427599,Fairfield,1.583323216,Murray St.,1.192062816,Green Bay,1.432399315,Tulane,1.913469841
Ball St.,1.176789421,Rutgers,0.782157518,Illinois St.,1.510117206,Niagara,1.058325537,Rice,2.095455525,Pacific,1.384024159,Green Bay,1.511073627,Sam Houston St.,1.180922593,UMBC,1.330005545,Oakland,1.614549963
Louisiana Tech,1.155665439,Vermont,0.537639765,Davidson,1.320718426,Nevada,0.988541781,Bowling Green,1.895870071,Ohio,1.249563508,Niagara,1.489158236,Idaho,1.10486456,Ga. Southern,1.30306776,Green Bay,1.04368754
Towson,1.082688798,Eastern Wash.,0.40363523,Denver,1.286868926,Northwestern St.,0.974207933,Penn,1.801936526,Northern Ariz.,1.216899563,UCF,1.364518219,American,0.985761255,Pacific,1.253534088,Charlotte,0.993624474
Albany (NY),0.934098511,Santa Clara,0.396354279,UAB,1.283814311,Western Mich.,0.899255037,Milwaukee,1.753948019,Hawaii,1.103872485,Idaho,1.245852953,Middle Tenn.,0.822412919,Niagara,1.212993537,Vermont,0.916403876
CSU Bakersfield,0.859912563,Saint Joseph's,0.366549699,Murray St.,1.273119446,Robert Morris,0.741586706,Charlotte,1.675828319,Murray St.,0.946495351,Drexel,1.203571649,Boise St.,0.753102925,Robert Morris,1.116370404,Ill.-Chicago,0.83880384
High Point,0.831158837,Morehead St.,0.341747818,Santa Clara,1.272853059,UAB,0.69883122,Vermont,1.660527316,Nevada,0.944237194,Fresno St.,1.14942463,Tulane,0.737128609,Belmont,0.97120771,Sam Houston St.,0.305390693
Wyoming,0.811609683,N.C. Central,0.300499368,Missouri St.,1.252786161,Col. of Charleston,0.681552639,Idaho,1.432268509,Idaho,0.80053284,Belmont,1.148719438,Bowling Green,0.675676674,La Salle,0.848550993,Siena,0.176999174
Omaha,0.666336623,Eastern Ky.,0.274616775,Pepperdine,1.179049923,UC Irvine,0.667268067,Valparaiso,1.358774595,Vermont,0.718536321,Princeton,1.070688684,Robert Morris,0.662389004,Northern Ariz.,0.802284446,San Diego,0.149726045
IPFW,0.640015301,Middle Tenn.,0.248576139,American,1.124165412,Auburn,0.623651468,Robert Morris,1.357154516,Hofstra,0.538050736,TCU,1.00009639,Milwaukee,0.616881655,Appalachian St.,0.724746519,Oregon St.,0.140231474
Central Mich.,0.580318039,Belmont,0.123747389,Duquesne,1.097565024,Vermont,0.381878043,North Dakota St.,1.087656459,Green Bay,0.508805139,La Salle,0.927263127,North Texas,0.560851549,TCU,0.674056728,Towson,0.077522928
Indiana St.,0.527479163,Columbia,-0.030066885,Eastern Ky.,0.932122973,Oral Roberts,0.329647692,Loyola Maryland,1.046359528,La Salle,0.503747014,Drake,0.898620793,Drexel,0.348871602,Marist,0.639205422,San Francisco,0.01217091
Weber St.,0.448519084,Stony Brook,-0.038928959,Towson,0.767784857,Southern Ill.,0.140651192,Oakland,0.931884835,George Washington,0.469244431,George Mason,0.895644188,DePaul,0.232383774,Santa Clara,0.545815361,SMU,-0.011224701
Green Bay,0.360072993,Cal Poly,-0.080345952,Wright St.,0.657390864,Houston,0.120648687,Houston,0.715767076,Fresno St.,0.382105036,Boise St.,0.85362012,Georgia,0.210076771,Oakland,0.454964024,Valparaiso,-0.179046887
Buffalo,0.323101815,Northern Ill.,-0.318981903,Valparaiso,0.583910596,San Diego,0.09526331,Tulane,0.556542554,Austin Peay,0.352490986,UC Santa Barbara,0.67287175,Colorado St.,-0.01340572,Brown,0.372103198,UC Santa Barbara,-0.243995013
UNC Asheville,0.31877168,Indiana St.,-0.333662164,Quinnipiac,0.36359416,Cal Poly,0.046946813,Col. of Charleston,0.524565854,Saint Peter's,0.299798865,Long Beach St.,0.610589428,Long Beach St.,-0.047179617,Milwaukee,0.266694794,TCU,-0.290396166
Massachusetts,0.158353744,Ga. Southern,-0.415373776,South Dakota St.,0.274820153,Rhode Island,-0.05450132,USC Upstate,0.521870713,Evansville,0.277982055,Oakland,0.593021752,UC Santa Barbara,-0.066702388,Chattanooga,0.130352635,Rice,-0.547623637
Northern Ill.,0.112137522,Oakland,-0.420508176,IPFW,0.237035692,Fairfield,-0.064407232,North Texas,0.302038591,North Dakota St.,0.219903665,Col. of Charleston,0.485305765,James Madison,-0.075503055,Northwestern,0.105590241,Albany (NY),-0.58616364
Tulane,0.081703538,Albany (NY),-0.441874318,Rutgers,0.149810432,Boston U.,-0.091056264,East Tenn. St.,0.272203212,Furman,0.17743083,Coastal Caro.,0.288814424,UALR,-0.098838144,UC Irvine,0.032911111,Detroit,-0.619396121
Elon,0.074552031,USC Upstate,-0.488601788,Southern Ill.,-0.009304385,Western Ky.,-0.160174814,Air Force,0.236275943,Davidson,0.16798539,Loyola Marymount,0.249480997,Mt. St. Mary's,-0.108399962,Northeastern,-0.012487158,Marshall,-0.782905891
La.-Monroe,0.042897863,George Mason,-0.540222724,Loyola Marymount,-0.038161427,SMU,-0.177034419,Stony Brook,0.231079891,Ball St.,-0.059925526,Middle Tenn.,0.112917427,Missouri St.,-0.415804092,Lamar,-0.326867676,Rutgers,-1.027583332
Vermont,-0.091100535,Canisius,-0.594364415,Arkansas St.,-0.039288869,Delaware,-0.254717737,Southern California,0.174633528,Western Mich.,-0.060966381,Morgan St.,0.105852534,Ohio,-0.431499266,Rutgers,-0.380295479,Tennessee Tech,-1.10386865
Boston College,-0.26603307,North Florida,-0.622603241,South Fla.,-0.058083021,Albany (NY),-0.352184471,Cal Poly,0.118954562,UNC Asheville,-0.145839235,Oral Roberts,0.104041329,South Ala.,-0.488765429,George Washington,-0.385518356,South Ala.,-1.110651834
St. John's (NY),-0.293213542,Manhattan,-0.855428612,Charlotte,-0.214286248,South Carolina,-0.360279958,George Washington,0.058299371,Massachusetts,-0.188496475,Western Caro.,0.071393281,Texas-Arlington,-0.641815942,UNCW,-0.502010391,UNC Greensboro,-1.135744594
Eastern Mich.,-0.352732066,Tulane,-0.982857624,Siena,-0.331665888,Montana,-0.538860892,Wake Forest,-0.066210698,Robert Morris,-0.205828703,East Tenn. St.,0.02997511,Col. of Charleston,-0.648726166,Col. of Charleston,-0.84304444,Idaho St.,-1.177765688
Wright St.,-0.503618193,Montana,-1.013435266,Drake,-0.342559415,Drexel,-0.577084634,Fresno St.,-0.246517623,Lipscomb,-0.478411059,Vermont,-0.124802381,Indiana,-0.711626494,American,-0.862928891,Cal Poly,-1.19084073
Montana,-0.658471254,FGCU,-1.061506376,TCU,-0.406045938,Loyola Chicago,-0.5775138,Arizona St.,-0.320639208,Tulane,-0.556735025,Jacksonville,-0.211395899,Louisiana Tech,-0.730683029,UNC Asheville,-1.005641844,North Texas,-1.240934759
Kent St.,-0.664774858,Quinnipiac,-1.090772192,Mississippi St.,-0.420480954,Long Beach St.,-0.687310975,Cal St. Fullerton,-0.476211042,DePaul,-0.700446175,Massachusetts,-0.535388006,Hawaii,-0.832311225,Fresno St.,-1.296074727,High Point,-1.379734561
North Florida,-0.721034002,Princeton,-1.124938995,Weber St.,-0.496900435,Rider,-0.749328925,SMU,-0.585092409,IPFW,-0.765218265,Buffalo,-0.787642649,George Washington,-0.956401875,Austin Peay,-1.354338324,East Tenn. St.,-1.501458378
North Dakota St.,-0.742568447,Rider,-1.173810632,Old Dominion,-0.63816788,Northeastern,-0.838201143,LIU Brooklyn,-0.652028804,Jacksonville,-0.890265161,Eastern Ky.,-0.814424208,Fresno St.,-1.016859777,Texas-Arlington,-1.552236309,Youngstown St.,-1.756329261
Loyola Chicago,-0.817190603,Coastal Caro.,-1.318330766,Omaha,-0.716923138,Army,-0.952480194,Yale,-0.686939467,Miami (OH),-0.924855771,Saint Joseph's,-0.970338636,Morgan St.,-1.025574937,Middle Tenn.,-1.564380073,Northern Ariz.,-1.794381151
Winthrop,-0.874216253,UNCW,-1.616012303,Bucknell,-0.867106383,Tulsa,-1.052546805,Stephen F. Austin,-0.78210043,Bradley,-0.943230036,Davidson,-1.039704105,Utah Valley,-1.15028573,Holy Cross,-1.588820052,Austin Peay,-1.899311562
Coastal Caro.,-1.007258083,Air Force,-1.617719426,Stony Brook,-0.875393142,James Madison,-1.194087811,Delaware,-0.925318926,San Jose St.,-0.946954206,Denver,-1.104315037,Fairfield,-1.197662987,Loyola Maryland,-1.725483464,Cal St. Fullerton,-1.907048999
Murray St.,-1.27465107,Fordham,-1.624574305,Cal Poly,-0.956525304,Ill.-Chicago,-1.275563225,Youngstown St.,-1.014047301,Weber St.,-1.015466756,San Jose St.,-1.107611658,SMU,-1.198416352,Wyoming,-1.852133799,American,-1.959926398
Mercer,-1.294259314,Fresno St.,-1.635928295,William & Mary,-1.047250342,Hawaii,-1.27831892,Western Mich.,-1.121053984,North Texas,-1.074455008,Stephen F. Austin,-1.123841868,Montana,-1.252808885,Central Mich.,-1.860169347,Ball St.,-1.992833639
FGCU,-1.294923316,Chattanooga,-1.660105115,Brown,-1.079164655,Western Ill.,-1.352153227,UTSA,-1.157537725,Saint Joseph's,-1.163612922,North Texas,-1.143323663,Boston U.,-1.408264107,Eastern Mich.,-1.869549163,Montana,-2.178256987
Tennessee St.,-1.32237673,St. Francis Brooklyn,-1.664620066,Milwaukee,-1.085915724,Towson,-1.399229791,UALR,-1.24221381,Cal Poly,-1.218954728,Troy,-1.202693126,San Jose St.,-1.478894003,Weber St.,-1.876647798,Niagara,-2.329620491
Western Ky.,-1.397812694,Mercer,-1.671739276,Western Ky.,-1.093134069,Idaho,-1.489831009,Quinnipiac,-1.330055354,Central Conn. St.,-1.351375431,Campbell,-1.273462678,East Carolina,-1.489123538,Mt. St. Mary's,-2.395049669,Weber St.,-2.406436278
ETSU,-1.407003584,Monmouth,-1.712377325,Holy Cross,-1.146104328,Buffalo,-1.495361465,Miami (OH),-1.403763637,Quinnipiac,-1.488098866,A&M-Corpus Christi,-1.2928543,Lipscomb,-1.490086117,Buffalo,-2.414828599,Central Conn. St.,-2.408703244
Harvard,-1.496020141,Detroit,-1.825959079,Kent St.,-1.387530618,Manhattan,-1.499666762,Charleston So.,-1.50451628,Southern Ill.,-1.865398938,San Diego,-1.328793961,Idaho St.,-1.495497602,William & Mary,-2.531404321,UC Irvine,-2.417984051
George Mason,-1.564219851,Houston,-1.941089422,Yale,-1.388109829,Georgia St.,-1.51851069,Green Bay,-1.537266249,Boston U.,-1.900062273,Tulane,-1.35256174,St. Bonaventure,-1.503619943,East Tenn. St.,-2.55204565,Buffalo,-2.464680273
Detroit,-1.600998843,James Madison,-2.088072188,Col. of Charleston,-1.582667695,Bryant,-1.551092863,FGCU,-1.729350977,Fla. Atlantic,-1.920221395,Valparaiso,-1.552629912,IUPUI,-1.523793683,Montana,-2.631889865,Northwestern St.,-2.478946099
Bucknell,-1.758438421,North Dakota St.,-2.311942415,Morehead St.,-1.685132942,Texas Southern,-1.5930276,Fla. Atlantic,-1.894200792,Drake,-1.943946847,Saint Peter's,-1.641672413,Rider,-1.588809069,UALR,-2.645920824,Eastern Ky.,-2.595684276
A&M-Corpus Christi,-1.808659044,Lafayette,-2.345942532,FGCU,-1.797153432,Charleston So.,-1.59385291,Texas Tech,-1.916050348,Sam Houston St.,-1.948069298,Lipscomb,-1.665841465,Eastern Ky.,-1.597421327,Albany (NY),-2.764971276,William & Mary,-2.636731547
Western Mich.,-1.821638284,High Point,-2.364126922,Oakland,-1.80361484,FIU,-1.617087264,Coastal Caro.,-1.953916183,Charlotte,-1.985187372,Eastern Mich.,-2.162413451,Air Force,-1.638123293,La.-Lafayette,-2.886396041,Eastern Wash.,-2.655745546
Georgia St.,-1.839198066,Pacific,-2.367327273,Youngstown St.,-1.857719813,Youngstown St.,-1.654080941,Western Ky.,-1.978877323,Auburn,-2.00689803,Citadel,-2.175889938,A&M-Corpus Christi,-1.64747083,Loyola Chicago,-2.958675454,Louisiana Tech,-2.705533594
Cal Poly,-1.879113165,Colgate,-2.382467204,USC Upstate,-1.934495682,N.C. Central,-1.673446049,Louisiana Tech,-2.024768103,Northeastern,-2.110048958,Lehigh,-2.229002762,Morehead St.,-1.899668294,Vermont,-2.969660461,Southern Utah,-2.721497436
South Fla.,-1.957532828,Lehigh,-2.482979662,Colgate,-2.038554884,Tennessee St.,-1.686318101,South Ala.,-2.122023573,Loyola Marymount,-2.187253569,San Francisco,-2.262487892,VMI,-1.942041853,Morgan St.,-3.04502901,Northeastern,-2.77980938
Portland,-2.292236005,Saint Peter's,-2.524427259,Bradley,-2.273353867,Toledo,-1.956820038,Hawaii,-2.146477241,Middle Tenn.,-2.273616023,UTSA,-2.28891693,Indiana St.,-2.050006296,East Carolina,-3.166991979,North Dakota,-2.782937596
Charlotte,-2.347161193,NJIT,-2.694148539,Albany (NY),-2.490858832,Southern U.,-2.125608151,Western Ill.,-2.203109441,LSU,-2.284044909,Central Mich.,-2.324959011,Seattle,-2.06058306,Gardner-Webb,-3.19271864,IUPUI,-2.83937644
Oral Roberts,-2.36155085,East Carolina,-2.746819962,Fordham,-2.657736875,Missouri St.,-2.244003308,Columbia,-2.213979134,Yale,-2.320826057,Georgia St.,-2.418440898,Binghamton,-2.125306959,High Point,-3.381036513,Portland St.,-2.843930211
Furman,-2.430090036,UTSA,-2.7645979,Northeastern,-2.671614684,South Ala.,-2.408098485,Ball St.,-2.274300753,Canisius,-2.36927129,Quinnipiac,-2.485598677,Cal St. Fullerton,-2.142739146,Elon,-3.40599149,Loyola Maryland,-2.864251018
Saint Louis,-2.451823502,Duquesne,-2.792909405,Evansville,-2.693920522,Lafayette,-2.440972709,Hofstra,-2.293956051,Penn,-2.412447963,Stony Brook,-2.502594455,Iona,-2.156168921,Lipscomb,-3.418301956,Yale,-2.864641434
Tennessee Tech,-2.571079485,Dartmouth,-2.846416333,Oral Roberts,-2.764053426,Loyola Marymount,-2.448855276,Tennessee St.,-2.382892887,Houston,-2.422362592,Arkansas St.,-2.528989111,Nicholls St.,-2.16468132,Lafayette,-3.470296175,Furman,-3.019738708
San Francisco,-2.706717425,Robert Morris,-2.853035054,Detroit,-2.795849612,Cal St. Fullerton,-2.459792073,American,-2.436603026,American,-2.546528678,Austin Peay,-2.581108887,Troy,-2.205181251,Evansville,-3.586089173,Lipscomb,-3.026334446
Wofford,-3.022501948,La.-Monroe,-2.976286787,Bowling Green,-3.028527451,Texas Tech,-2.64486969,Arkansas St.,-2.49116025,Wyoming,-2.687418566,Rider,-2.583092727,Hofstra,-2.316763692,Oregon St.,-3.664770345,Colorado,-3.127696258
Fairfield,-3.034353972,IPFW,-3.059176035,Robert Morris,-3.078563616,LIU Brooklyn,-2.706605606,La.-Lafayette,-2.552674499,Loyola Maryland,-2.699601698,Seattle,-2.595060131,Holy Cross,-2.493459608,Murray St.,-3.666806961,Sacred Heart,-3.245032556
Eastern Ky.,-3.110313491,American,-3.062234676,Northern Ill.,-3.106318123,Wagner,-2.709751014,Northeastern,-2.653737882,Illinois St.,-2.786620993,La.-Lafayette,-2.757767206,Radford,-2.597404254,James Madison,-3.758759756,Fairfield,-3.531073367
Missouri St.,-3.287899738,Miami (OH),-3.095933583,Wagner,-3.35193884,Columbia,-2.720162841,Toledo,-2.679848608,UNCW,-2.848377732,Southeastern La.,-2.773162041,Sacred Heart,-2.850917951,Bowling Green,-3.848974239,Boston U.,-3.548396912
Denver,-3.409933412,Southern Ill.,-3.105592237,Northwestern St.,-3.532880723,Gardner-Webb,-2.72822856,North Florida,-2.749921911,Stephen F. Austin,-2.848486281,Robert Morris,-2.813121222,Austin Peay,-2.914386371,Hawaii,-4.005613125,Cornell,-3.728378887
Pacific,-3.468104695,Northwestern St.,-3.178841015,Elon,-3.569374167,USC Upstate,-2.746655653,Southern Ill.,-2.843888115,Arkansas St.,-2.955690475,Montana St.,-2.891357089,Manhattan,-2.938879934,Liberty,-4.052714843,Milwaukee,-3.807840032
Loyola Marymount,-3.489309216,Ohio,-3.205240642,East Carolina,-3.590850632,UC Davis,-2.937429506,Savannah St.,-2.907872123,Western Caro.,-2.997041601,Mt. St. Mary's,-2.92854401,Valparaiso,-3.088046097,St. Bonaventure,-4.077200747,Central Mich.,-3.816554548
UTEP,-3.865423172,Texas-Arlington,-3.21575818,Air Force,-3.606791297,Elon,-3.050927341,Wofford,-2.949964546,Cornell,-3.013615084,Evansville,-2.961303348,Northern Colo.,-3.11481037,Central Conn. St.,-4.145623752,SIUE,-3.908608549
North Dakota,-4.015426279,New Hampshire,-3.3118916,Sam Houston St.,-3.75504008,UNC Asheville,-3.162260374,Norfolk St.,-2.998850188,UC Irvine,-3.16864564,UNCW,-3.010733897,UC Davis,-3.255431046,Toledo,-4.287384343,Chattanooga,-3.925717897
Texas Southern,-4.205093773,Bucknell,-3.331975654,Southern U.,-3.76533417,Pepperdine,-3.176890849,Boston U.,-3.061036616,Delaware,-3.213694967,Portland St.,-3.108068902,Denver,-3.260997004,Colgate,-4.321742665,Ga. Southern,-4.10058629
Lehigh,-4.214221787,Cornell,-3.365105278,Wofford,-3.820176052,Marshall,-3.177588852,San Diego,-3.061274113,Siena,-3.257214035,Wyoming,-3.112650319,Rice,-3.365846462,Wofford,-4.359950918,Pacific,-4.146650417
Saint Peter's,-4.25361341,Rice,-3.371138229,Bryant,-3.830160798,Bowling Green,-3.28985032,Rhode Island,-3.089772494,Pepperdine,-3.315827896,Fla. Atlantic,-3.249614545,Southern Utah,-3.389955616,Hampton,-4.383355412,Stephen F. Austin,-4.168679122
Eastern Wash.,-4.398627453,UT Martin,-3.39199471,Rider,-3.835600718,Yale,-3.425021285,Tennessee Tech,-3.132501092,Western Ky.,-3.37800567,Bowling Green,-3.48432844,Liberty,-3.397066167,Fairfield,-4.390986515,Loyola Marymount,-4.255265744
Rider,-4.447844213,Loyola Marymount,-3.394600663,Northern Colo.,-3.86944389,William & Mary,-3.517191751,Eastern Wash.,-3.181385161,Lehigh,-3.485725917,Hawaii,-3.528631225,UTSA,-3.529075116,Southeastern La.,-4.392479593,La Salle,-4.325095006
Ga. Southern,-4.504132525,North Texas,-3.564716021,Bakersfield,-3.88139062,CSUN,-3.653397853,IUPUI,-3.193591395,Denver,-3.537405834,Cal St. Fullerton,-3.538946991,Texas St.,-3.591918767,Ball St.,-4.457177806,Duquesne,-4.365362719
Wagner,-4.540454583,Winthrop,-3.767261581,Miami (OH),-3.917101906,UC Santa Barbara,-3.699657967,Albany (NY),-3.2372129,Mercer,-3.546331105,Manhattan,-3.540070407,Stony Brook,-3.630878981,Delaware,-4.45965441,Robert Morris,-4.432361309
Radford,-4.552637558,Norfolk St.,-3.788877118,Marshall,-3.955088843,TCU,-3.797989679,Wright St.,-3.316050235,Georgia St.,-3.59281865,Loyola Chicago,-3.557745277,Delaware,-3.656142742,Navy,-4.50754112,Eastern Mich.,-4.637082414
FIU,-4.578326265,Sacramento St.,-3.835926447,Montana,-4.082585102,Seattle,-3.829469451,Seattle,-3.330472428,VMI,-3.681140843,James Madison,-3.717059033,UC Riverside,-3.7727618,Youngstown St.,-4.523185576,Bowling Green,-4.66975336
Santa Clara,-4.587189271,Northern Ariz.,-3.857330247,St. Francis Brooklyn,-4.198539092,Oakland,-3.865710174,Portland St.,-3.334617499,UALR,-3.809943245,Eastern Ill.,-3.787912279,Southeastern La.,-3.814890481,Hofstra,-4.525613445,Pepperdine,-4.993336529
Western Caro.,-4.661520539,Oral Roberts,-3.914229945,Loyola Chicago,-4.3123954,UALR,-3.902811424,Cornell,-3.370775456,William & Mary,-3.81541699,Ball St.,-3.824953803,Loyola Chicago,-3.901079107,Denver,-4.617327892,Middle Tenn.,-4.999610506
Navy,-4.701487209,Ball St.,-3.975830216,Utah Valley,-4.400394823,Jacksonville St.,-4.011387364,Boston College,-3.849111423,Wake Forest,-3.858561459,Air Force,-3.849032113,South Dakota St.,-3.91278917,Sacred Heart,-4.772809374,Murray St.,-5.018569386
UC Davis,-4.730512736,Radford,-4.080257847,Marist,-4.453335816,Duquesne,-4.03512408,Lipscomb,-4.016551045,Appalachian St.,-4.27196563,Loyola Maryland,-4.053899771,Youngstown St.,-3.943562661,IPFW,-4.77965485,Northern Ill.,-5.074275414
UC Riverside,-4.76413997,Bradley,-4.166301891,Hampton,-4.454577724,High Point,-4.15529479,Austin Peay,-4.179021045,Maine,-4.285800932,Mercer,-4.146319882,Arkansas St.,-3.992721272,LIU Brooklyn,-4.854889821,Chicago St.,-5.075163969
South Dakota,-4.789339784,South Fla.,-4.224586231,CSUN,-4.472454134,Quinnipiac,-4.230690728,Jacksonville St.,-4.188985927,McNeese St.,-4.303858721,Rice,-4.21532345,Citadel,-4.010391672,Detroit,-5.055929314,UNCW,-5.115470995
Canisius,-4.929392423,UC Riverside,-4.230007076,Texas-Arlington,-4.473252129,La.-Lafayette,-4.412158996,Morehead St.,-4.330270087,Charleston So.,-4.313903731,Canisius,-4.26043554,UC Irvine,-4.016604401,Fla. Atlantic,-5.115219307,Samford,-5.13328498
NJIT,-4.978287098,Denver,-4.274041914,Fla. Atlantic,-4.59599181,Morgan St.,-4.831875689,FIU,-4.384605421,Hampton,-4.624064305,East Carolina,-4.588241697,Navy,-4.321810762,Southern Utah,-5.152839067,Liberty,-5.158982136
Air Force,-4.986680501,Charleston So.,-4.369116537,North Texas,-4.596468478,Savannah St.,-4.834517992,Central Conn. St.,-4.672675571,Columbia,-4.638901713,UC Riverside,-4.875914026,Ball St.,-4.386856717,Montana St.,-5.211790292,Columbia,-5.162382152
Sam Houston St.,-4.990085908,Milwaukee,-4.395132808,Cal St. Fullerton,-4.667504329,Morehead St.,-4.885833917,Rider,-4.72094115,CSUN,-4.742385473,South Dakota St.,-4.892868913,Northern Ariz.,-4.411864878,Iona,-5.369894736,Cleveland St.,-5.28052503
UNCG,-5.040223258,Idaho,-4.46913754,Coastal Caro.,-4.74380048,Coastal Caro.,-5.113350797,UNCW,-4.813515224,Winthrop,-4.826046732,Santa Clara,-4.986325489,San Francisco,-4.449455316,Boston U.,-5.386362108,CSUN,-5.514538912
IUPUI,-5.045050952,South Dakota,-4.534795219,South Ala.,-4.750038987,Portland,-5.155298474,Siena,-5.033322205,St. Francis Brooklyn,-4.861410512,CSUN,-5.033338901,Lamar,-4.471990993,Yale,-5.447966209,Delaware St.,-5.558481354
Dartmouth,-5.0780592,East Tenn. St.,-4.577873622,A&M-Corpus Christi,-4.761172975,Mississippi St.,-5.217506694,Bradley,-5.129969793,UC Davis,-5.013599246,Radford,-5.086259399,Montana St.,-4.542779663,Binghamton,-5.501088765,Omaha,-5.61627093
Drexel,-5.111107241,Boston U.,-4.584027849,Charleston So.,-4.776695352,Norfolk St.,-5.2222644,James Madison,-5.177121823,Liberty,-5.063058623,Youngstown St.,-5.151826504,IPFW,-4.650089085,Northern Colo.,-5.505953224,UMKC,-5.766621624
Idaho,-5.120238284,Missouri St.,-4.761425056,La.-Monroe,-4.833590484,Southeast Mo. St.,-5.281257723,High Point,-5.24054598,Tennessee Tech,-5.145133349,Maine,-5.399730419,William & Mary,-4.747772831,Towson,-5.638742379,San Jose St.,-5.849547337
Drake,-5.20619053,Saint Louis,-4.939687709,Eastern Wash.,-4.891310311,Mt. St. Mary's,-5.319823398,St. Francis Brooklyn,-5.336180649,Bowling Green,-5.325637697,Hampton,-5.447215901,Alabama St.,-4.876258134,Colorado St.,-5.660087835,Arkansas St.,-6.072185594
Penn,-5.266857414,UALR,-5.038292946,FIU,-4.894784028,Hartford,-5.343821038,Holy Cross,-5.337396351,UTSA,-5.35490353,Texas St.,-5.609642916,Loyola Maryland,-4.923298257,Utah Valley,-5.66746222,Coastal Caro.,-6.119188524
Texas St.,-5.363744949,Southeast Mo. St.,-5.045536566,Dartmouth,-4.917867965,St. Francis Brooklyn,-5.380921908,Furman,-5.355915971,Nicholls St.,-5.366761734,IPFW,-5.689761026,Mercer,-4.946439157,Bucknell,-5.799135199,Lamar,-6.179481323
San Jose St.,-5.428986569,Gardner-Webb,-5.110065371,UALR,-4.978592775,North Florida,-5.435290556,Campbell,-5.375609005,Louisiana Tech,-5.440940088,Samford,-5.970482468,Georgia St.,-4.951856876,Jacksonville,-5.8050887,Richmond,-6.260530721
Samford,-5.42934142,Nevada,-5.135281871,Seattle,-5.03131346,Fla. Atlantic,-5.476882598,UC Irvine,-5.377526873,La.-Lafayette,-5.494758941,Furman,-6.00571858,Chicago St.,-4.958040982,Wagner,-5.814672855,Brown,-6.312491685
Miami (OH),-5.507908753,Drexel,-5.160148544,VMI,-5.068844184,Holy Cross,-5.577374646,N.C. Central,-5.439277067,Ill.-Chicago,-5.684076467,Northern Ill.,-6.085875999,South Dakota,-5.192885846,Manhattan,-5.938809306,Lehigh,-6.660709351
Western Ill.,-5.625344622,Texas St.,-5.367428384,Morgan St.,-5.346383057,Central Mich.,-5.657882142,Southeast Mo. St.,-5.459574521,North Florida,-5.701012852,South Ala.,-6.189830844,Western Mich.,-5.2371701,Eastern Wash.,-5.950511245,Binghamton,-6.824872207
UT Martin,-5.728127962,UCF,-5.386937323,Saint Peter's,-5.405139359,Texas St.,-5.677943414,Northern Colo.,-5.5434916,Youngstown St.,-5.76353257,UC Davis,-6.348850606,McNeese St.,-5.310348836,Drexel,-5.955783438,Georgia St.,-6.91997307
La Salle,-5.8601147,Elon,-5.391325833,Southeast Mo. St.,-5.468095028,Eastern Mich.,-5.772381391,McNeese St.,-5.586982539,Holy Cross,-5.796920738,Ill.-Chicago,-6.404008306,Chattanooga,-5.338855761,San Francisco,-6.04013452,Troy,-6.966175919
Army West Point,-5.918833989,Saint Francis (PA),-5.444183582,Army,-5.69312429,UTSA,-5.791601953,Southern Utah,-5.587266907,Wagner,-5.949227899,Delaware,-6.596843584,Albany (NY),-5.38296746,Troy,-6.082809719,Canisius,-7.121125017
Norfolk St.,-5.981433572,Western Caro.,-5.569949145,Troy,-5.754033161,Brown,-5.807150948,Northwestern St.,-5.610412639,Elon,-5.984580531,Northern Ariz.,-6.618907998,Canisius,-5.393413152,Tennessee St.,-6.156763052,Princeton,-7.209486679
Bowling Green,-6.19241108,Eastern Ill.,-5.570734814,Idaho,-5.771567853,Bakersfield,-5.813923698,Utah Valley,-5.849489771,Campbell,-6.142006279,UC Irvine,-6.764903638,Tennessee Tech,-5.475340095,Georgia St.,-6.259315993,Navy,-7.27045862
Austin Peay,-6.192434091,Mt. St. Mary's,-5.702781355,Mt. St. Mary's,-5.843427319,Marist,-5.86711149,Western Caro.,-5.891817454,Stony Brook,-6.261913363,Texas-Arlington,-6.79936299,Eastern Wash.,-5.58487379,Alabama St.,-6.322148792,Southeastern La.,-7.310796035
Gardner-Webb,-6.22422082,Holy Cross,-5.755863509,Idaho St.,-5.956603031,Sam Houston St.,-5.891288552,Niagara,-5.997826939,Lamar,-6.304300419,Winthrop,-6.809728901,Central Mich.,-5.858389972,UMKC,-6.528710176,Portland,-7.373954056
CSUN,-6.233783369,Marshall,-5.801049837,Winthrop,-5.98607158,North Texas,-5.89770451,Ga. Southern,-6.019244604,Montana St.,-6.401355223,Lafayette,-6.834203176,LIU Brooklyn,-6.09677471,SMU,-6.564041588,Manhattan,-7.448266008
Cal St. Fullerton,-6.234804852,Drake,-5.802169382,East Tenn. St.,-5.99391014,Western Caro.,-5.938012077,Presbyterian,-6.076077522,Albany (NY),-6.466732066,Holy Cross,-6.848839526,Marist,-6.097222154,Pepperdine,-6.636417288,VMI,-7.451605892
Montana St.,-6.768460751,Wright St.,-5.913909162,Lehigh,-6.034808907,Miami (OH),-6.165737192,Central Mich.,-6.085484038,Southern Utah,-6.471081682,UNC Greensboro,-6.849948041,Wofford,-6.131512802,Western Caro.,-6.762504431,Mt. St. Mary's,-7.64565326
UMKC,-6.780976528,UMES,-5.952141474,Hofstra,-6.126730334,Ball St.,-6.214100979,Santa Clara,-6.099388743,Lafayette,-6.671612932,South Dakota,-6.877777449,Cal Poly,-6.173369787,Quinnipiac,-6.872561531,UALR,-7.692914742
Arkansas St.,-6.851215887,Bryant,-5.971260788,Northern Ariz.,-6.222199309,Wofford,-6.230006022,Sacred Heart,-6.182953109,Tennessee St.,-6.677102749,Ark.-Pine Bluff,-6.957234503,La.-Lafayette,-6.216585321,San Jose St.,-6.900592715,Army,-7.707768282
Manhattan,-6.860516638,Seattle,-5.985213731,Western Caro.,-6.28701989,Fordham,-6.356690983,Bakersfield,-6.236317374,Brown,-6.681832319,Towson,-7.196806283,Western Caro.,-6.226822299,FIU,-7.053696572,Hartford,-7.719763657
Southern U.,-7.101078594,Army,-6.005378326,Penn,-6.28792702,N.C. A&T,-6.382095412,Appalachian St.,-6.248800451,Eastern Ky.,-6.833563487,Cal Poly,-7.200522934,Harvard,-6.304357679,Lehigh,-7.070354105,UNC Asheville,-7.796965222
Boston U.,-7.177450797,Bakersfield,-6.245241277,UNC Asheville,-6.359728897,Penn,-6.412625313,Chattanooga,-6.300911326,Cal St. Fullerton,-7.060978178,North Dakota St.,-7.242415759,Yale,-6.316966868,Portland,-7.176240181,Monmouth,-7.83394791
South Ala.,-7.238006411,Northern Colo.,-6.278766367,North Dakota,-6.401458528,IPFW,-6.478496277,Lafayette,-6.519375439,Texas-Arlington,-7.12859967,Pepperdine,-7.251851454,Towson,-6.326323236,Western Ill.,-7.210905836,Wofford,-7.840917314
San Diego,-7.612732122,CSUN,-6.30018536,Hartford,-6.407009365,Cornell,-6.746149143,Jacksonville,-6.614381311,Portland St.,-7.14729075,Bucknell,-7.253069911,Penn,-6.469233169,South Dakota,-7.337483033,Western Caro.,-7.84467095
Troy,-7.645607821,Texas Southern,-6.355903592,Monmouth,-6.474157641,Stetson,-6.746771935,Pepperdine,-6.704357192,Utah Valley,-7.164340367,Chattanooga,-7.295104539,Princeton,-6.557751508,South Dakota St.,-7.440793804,La.-Monroe,-7.910743442
Rice,-7.680814088,Tennessee Tech,-6.446129705,South Dakota,-6.640630811,Cleveland St.,-6.860528761,Elon,-6.728671246,Presbyterian,-7.172506699,Jacksonville St.,-7.421092589,FIU,-6.630382966,Hartford,-7.505571402,Rider,-7.922419479
Brown,-7.724527559,Towson,-6.485903025,Ill.-Chicago,-6.777641321,South Dakota,-6.974179396,Stetson,-6.800437799,Texas St.,-7.191719032,Delaware St.,-7.808075244,Detroit,-6.785195152,McNeese St.,-7.508275225,Bakersfield,-8.023516688
Rutgers,-7.748348187,Siena,-6.578807011,North Florida,-6.824533753,Old Dominion,-7.071063072,Troy,-6.803450865,Central Mich.,-7.392062757,South Carolina St.,-7.939227978,Campbell,-6.889609482,Arkansas St.,-7.536750022,Quinnipiac,-8.083708454
Appalachian St.,-7.782554694,Col. of Charleston,-6.587430939,Gardner-Webb,-6.902131205,Northern Colo.,-7.082043632,Fordham,-6.945350489,Morgan St.,-7.407749303,La.-Monroe,-8.086813295,Jacksonville St.,-6.934013545,UT Martin,-7.567771322,Jacksonville,-8.129645431
Idaho St.,-7.976305054,Sacred Heart,-6.692119211,Fairfield,-6.906581472,Appalachian St.,-7.407980221,Winthrop,-6.95577053,Northern Ill.,-7.433926998,Army,-8.274278427,Lehigh,-6.991155482,A&M-Corpus Christi,-7.580593234,UMBC,-8.375759581
Portland St.,-8.151000964,A&M-Corpus Christi,-6.745205176,Western Ill.,-7.077467485,NJIT,-7.480792521,Portland,-7.206764096,Towson,-7.482424057,Tennessee Tech,-8.303968653,Gardner-Webb,-7.165906652,Columbia,-7.60568374,IPFW,-8.449686563
Kennesaw St.,-8.1570283,Weber St.,-6.912759395,Portland St.,-7.169500954,Central Conn. St.,-7.720417816,San Jose St.,-7.209146403,UC Riverside,-7.661753431,Tennessee St.,-8.354336462,Presbyterian,-7.271705116,La.-Monroe,-7.641962783,Fairleigh Dickinson,-8.531906694
Jackson St.,-8.176694271,UMKC,-6.986677503,Tulane,-7.180478779,New Hampshire,-7.726935762,Eastern Mich.,-7.248467204,UMKC,-7.785369776,New Hampshire,-8.360390174,Samford,-7.414878649,Nicholls St.,-7.885409258,Harvard,-8.5460516
Eastern Ill.,-8.180711475,Brown,-7.007342316,Lafayette,-7.210239797,San Jose St.,-7.948185439,Gardner-Webb,-7.30595757,Eastern Wash.,-7.896728867,UALR,-8.417134085,Stetson,-7.440533554,Tennessee Tech,-7.938480845,Morehead St.,-8.557634865
Colgate,-8.347876979,Omaha,-7.024038031,James Madison,-7.214939758,North Dakota,-7.989495924,UC Riverside,-7.330326405,San Diego,-8.000140833,Yale,-8.841743641,Saint Peter's,-7.464550498,VMI,-7.988011477,Hampton,-8.612080193
Houston Baptist,-8.413658531,UNC Asheville,-7.066221882,UC Riverside,-7.266218195,American,-8.005604362,Mississippi Val.,-7.34644658,Coppin St.,-8.110202608,Elon,-9.135677603,UMBC,-7.569822505,Northern Ill.,-8.007047995,Tex.-Pan American,-8.755077734
New Hampshire,-8.461042063,Portland St.,-7.074812888,Norfolk St.,-7.351910922,Winthrop,-8.101795761,Pacific,-7.353066824,Fordham,-8.189364852,Kennesaw St.,-9.315817238,Appalachian St.,-7.575468622,Cal Poly,-8.024068445,Florida A&M,-8.888191996
Cornell,-8.46122579,SIUE,-7.193520804,Radford,-7.424329986,Colgate,-8.177374697,Delaware St.,-7.389434961,Savannah St.,-8.39700863,North Florida,-9.327030698,Eastern Ill.,-8.05370688,Texas St.,-8.065913674,Kennesaw St.,-8.9287314
Delaware,-8.513125286,Youngstown St.,-7.238118805,San Jose St.,-7.490099545,Troy,-8.329691575,Marist,-7.516867718,Eastern Mich.,-8.490078542,Lamar,-9.459044429,Jackson St.,-8.055311362,Tex.-Pan American,-8.133373977,James Madison,-9.187756071
Sacramento St.,-8.611460539,Penn,-7.28058818,Texas St.,-7.569627313,Eastern Ill.,-8.468256356,Loyola Chicago,-7.663620332,Southeastern La.,-8.507553386,Idaho St.,-9.476500195,Columbia,-8.070449719,Omaha,-8.194625891,Colgate,-9.211833283
Lipscomb,-8.614307541,Delaware,-7.322384565,Sacramento St.,-7.57158556,Saint Peter's,-8.571629195,Morgan St.,-7.723589608,Mt. St. Mary's,-8.628013352,Nicholls St.,-9.602410096,New Hampshire,-8.220315248,Army,-8.514272664,Campbell,-9.258612703
Liberty,-8.892161014,Ill.-Chicago,-7.36484111,Niagara,-7.708985007,Liberty,-8.628118704,Eastern Ky.,-7.800346728,Seattle,-8.656136776,Colgate,-9.772102173,Bakersfield,-8.288184681,New Hampshire,-8.604021618,East Carolina,-9.303607708
Jacksonville,-9.039233251,Navy,-7.392548511,High Point,-7.761694837,Dartmouth,-8.686042488,Maine,-7.889546946,Gardner-Webb,-8.665537264,Binghamton,-9.778529502,Coppin St.,-8.322948043,Saint Peter's,-8.710746254,Maine,-9.343158993
Seattle,-9.052290235,Fla. Atlantic,-7.513308731,Tennessee Tech,-7.768736475,Hampton,-8.785355139,Texas St.,-7.98883408,Northwestern St.,-8.761289269,Texas Southern,-9.797926412,Fla. Atlantic,-8.372166205,UTSA,-8.760020151,Stony Brook,-9.425939605
Cleveland St.,-9.27609095,FIU,-7.635522305,Lipscomb,-7.912029852,Bethune-Cookman,-8.803185863,Samford,-7.991569635,Sacred Heart,-8.808785409,Brown,-9.957748294,Northern Ill.,-8.879123188,Eastern Ky.,-8.847286315,Fla. Atlantic,-9.512705565
Hampton,-9.336330747,UNC Greensboro,-7.668964992,Texas Southern,-7.924106703,Sacramento St.,-8.808314052,North Dakota,-8.074917085,FIU,-8.86738716,Sacred Heart,-9.962475272,Quinnipiac,-8.942332481,Rice,-8.968043972,Elon,-9.700475142
South Carolina St.,-9.412592251,Cal St. Fullerton,-8.027367509,UMKC,-8.225829439,UNC Greensboro,-8.899834388,IPFW,-8.370689139,Chattanooga,-8.906984507,USC Upstate,-10.00194868,South Carolina St.,-9.096416985,Northwestern St.,-9.043054628,McNeese St.,-9.701312316
Mt. St. Mary's,-9.447886341,Hartford,-8.078739437,UNCW,-8.328402545,Maine,-9.063468841,Ill.-Chicago,-8.387199286,Troy,-9.01704259,McNeese St.,-10.00836097,Wagner,-9.258164503,Chicago St.,-9.114390342,La.-Lafayette,-9.732777028
Utah Valley,-9.555720198,IUPUI,-8.120616378,Central Mich.,-8.361238228,Ga. Southern,-9.097736614,Coppin St.,-8.389671228,Monmouth,-9.07473967,LIU Brooklyn,-10.18599272,Toledo,-9.281918414,Mercer,-9.579038442,Montana St.,-9.873727683
North Texas,-9.622116462,Fairfield,-8.293935484,Rice,-8.885620734,Tennessee Tech,-9.232700502,UMKC,-8.410623739,South Dakota,-9.113385932,American,-10.30821481,Central Conn. St.,-9.357431204,Stetson,-9.659970573,Tennessee St.,-10.19410929
Jacksonville St.,-9.738551569,Alabama St.,-8.383982045,Savannah St.,-9.15248029,Sacred Heart,-9.238459036,Sam Houston St.,-8.414065448,Citadel,-9.28209785,Eastern Wash.,-10.44677777,UMKC,-9.384221256,Harvard,-9.703076033,Texas-Arlington,-10.22773192
Quinnipiac,-9.877839591,Troy,-8.656192778,Tennessee St.,-9.549063116,Nicholls St.,-9.556715416,Bethune-Cookman,-8.426656372,South Ala.,-9.37971812,Western Ill.,-10.47085756,Tennessee St.,-9.532908904,Coastal Caro.,-9.774454012,Delaware,-10.2500109
Southern Miss.,-9.965910025,LIU Brooklyn,-8.672264532,Ball St.,-9.754104807,Samford,-9.55988153,Utah,-8.621526257,UNC Greensboro,-9.408451723,Norfolk St.,-10.59791136,Hampton,-9.548633998,Central Ark.,-9.781122363,N.C. A&T,-10.33707743
Fla. Atlantic,-9.977578811,Niagara,-8.795098575,Liberty,-9.79773526,UNCW,-9.580160496,VMI,-8.746133178,Hartford,-9.453380819,Monmouth,-10.59841487,Army,-9.722379324,Idaho,-9.908046726,St. Francis Brooklyn,-10.38334887
Bradley,-10.22742599,Samford,-9.109016768,Chicago St.,-9.880042228,Campbell,-9.729847653,Sacramento St.,-8.972051677,New Hampshire,-9.491369355,N.C. A&T,-10.61941675,Winthrop,-9.756232202,UC Riverside,-10.16357095,Radford,-10.49531579
Charleston So.,-10.26637936,South Ala.,-9.171596234,Loyola Maryland,-10.06962648,Milwaukee,-9.843418098,UNC Greensboro,-8.988940986,Texas Southern,-9.600946294,Bakersfield,-10.6905226,UNC Asheville,-9.917074207,Delaware St.,-10.21290418,Central Ark.,-10.52825839
Campbell,-10.48862445,McNeese St.,-9.175676828,Chattanooga,-10.14933862,Chattanooga,-9.943361665,Liberty,-8.989799419,FGCU,-9.688612203,Columbia,-10.72472582,Pepperdine,-9.955440047,Morehead St.,-10.36233921,USC Upstate,-10.76245524
SIUE,-10.54558071,Howard,-9.300759671,Tex.-Pan American,-10.15438951,Siena,-9.957957234,South Dakota,-9.19980284,Jackson St.,-9.906731199,Albany (NY),-10.7353241,Maine,-9.965883283,Princeton,-10.36596345,Jacksonville St.,-10.8609408
Loyola Maryland,-10.62216699,VMI,-9.460772205,Austin Peay,-10.23492308,Jacksonville,-10.01398599,Dartmouth,-9.399428426,Navy,-10.07893952,Navy,-10.82489844,Coastal Caro.,-10.38887177,Idaho St.,-10.45358263,Idaho,-10.90522271
Stetson,-10.62675986,Southern U.,-9.499830139,Montana St.,-10.25378675,Southeastern La.,-10.08220886,Hampton,-9.400373993,Idaho St.,-10.10824672,Ga. Southern,-11.27944678,Eastern Mich.,-10.51126665,Penn,-10.56107456,Southeast Mo. St.,-10.98801179
Youngstown St.,-10.68342626,Southern Miss.,-9.721926274,SIUE,-10.27355715,Eastern Wash.,-10.20174861,New Hampshire,-9.405423237,Army,-10.12931802,Sacramento St.,-11.32898827,Bucknell,-10.5368397,USC Upstate,-10.7242837,St. Bonaventure,-11.03937112
Fairleigh Dickinson,-10.68721624,Appalachian St.,-9.791552867,UTSA,-10.52895401,Hofstra,-10.25051757,Texas Southern,-9.562013076,Stetson,-10.19476254,FIU,-11.4283836,USC Upstate,-10.70354265,Campbell,-10.75149339,Nicholls St.,-11.10827917
Niagara,-10.78194872,Delaware St.,-10.05714958,Coppin St.,-10.58933183,Portland St.,-10.2838757,Montana St.,-9.582984097,Bethune-Cookman,-10.53232445,Bethune-Cookman,-11.54396235,Western Ill.,-10.78809999,Samford,-11.15643029,Mississippi Val.,-11.11074722
Longwood,-10.81136014,Marist,-10.11442586,Fairleigh Dickinson,-10.84902284,Montana St.,-10.32532012,William & Mary,-10.10974329,Jacksonville St.,-10.67774747,UMKC,-11.66101387,FGCU,-10.80355076,Stony Brook,-11.28873018,New Hampshire,-11.12022055
St. Francis Brooklyn,-10.90331037,Loyola Maryland,-10.20880257,Ga. Southern,-10.96455842,Central Ark.,-10.34763981,Idaho St.,-10.3562876,Eastern Ill.,-10.77430471,Liberty,-11.6791833,Brown,-10.8496653,Presbyterian,-11.35519829,Jackson St.,-11.1914791
Marist,-11.13530992,Prairie View,-10.23197027,UC Davis,-11.16278764,Radford,-10.3539189,Army,-10.57898454,Bakersfield,-10.78277758,Northwestern St.,-11.76397648,Elon,-11.06194033,Furman,-11.39200074,Morgan St.,-11.21970215
LIU Brooklyn,-11.84453038,Lamar,-10.44374556,Jackson St.,-11.17993969,Navy,-10.59167368,Eastern Ill.,-10.81484814,Samford,-10.85082649,FGCU,-11.79378251,La.-Monroe,-11.08387514,St. Francis Brooklyn,-11.40377957,Wagner,-11.29058188
Alabama St.,-11.85996792,Arkansas St.,-10.46699724,Eastern Ill.,-11.21829883,Delaware St.,-10.64064658,Mt. St. Mary's,-11.0385987,Saint Francis (PA),-10.91138615,Jackson St.,-11.85777031,St. Francis Brooklyn,-11.14934492,Long Beach St.,-11.95112351,FIU,-11.32237854
N.C. Central,-11.87813156,Hampton,-10.54861663,Navy,-11.25043449,SIUE,-10.70564127,Monmouth,-11.24630414,Manhattan,-11.08457022,Central Ark.,-11.85817851,Prairie View,-11.18544549,Monmouth,-12.04407209,Eastern Ill.,-11.37326274
Holy Cross,-12.01221907,Furman,-10.58373117,Jacksonville St.,-11.64809736,Utah Valley,-10.82307976,Southeastern La.,-11.26371136,North Dakota,-11.1444485,Fordham,-11.9756444,Bethune-Cookman,-11.33176058,Fairleigh Dickinson,-12.09092542,Gardner-Webb,-11.38001454
Northern Colo.,-12.02775579,Southeastern La.,-10.59276126,UNC Greensboro,-11.82373983,VMI,-10.89190108,NJIT,-11.39126376,Niagara,-11.30845395,Penn,-12.1982035,N.C. A&T,-11.73849455,Saint Francis (PA),-12.34602492,South Carolina St.,-11.49203562
Saint Francis (PA),-12.31328198,Campbell,-10.80554451,Florida A&M,-11.8457101,McNeese St.,-10.91497798,A&M-Corpus Christi,-11.52938971,N.C. A&T,-11.47789475,Charleston So.,-12.22051786,Norfolk St.,-11.96786792,FGCU,-12.6308801,Sacramento St.,-11.8584911
Morgan St.,-12.33746803,Lipscomb,-11.03385756,Jacksonville,-11.98301872,UC Riverside,-11.0127333,N.C. A&T,-11.66167425,Delaware St.,-11.60261006,Savannah St.,-12.36492616,Hartford,-12.0861534,Norfolk St.,-12.65224552,Dartmouth,-11.99669853
VMI,-12.33805417,Wagner,-11.0552187,NJIT,-11.98616343,A&M-Corpus Christi,-11.17217876,Brown,-11.84093781,Norfolk St.,-11.60970855,High Point,-12.57565718,Dartmouth,-12.13378701,Radford,-12.71833537,Saint Francis (PA),-12.24724336
Presbyterian,-12.66536431,Utah Valley,-11.23655946,Delaware St.,-12.15600825,Rice,-11.20150044,La.-Monroe,-11.87653505,Southeast Mo. St.,-11.76279691,Hartford,-12.61157856,Charleston So.,-12.36771135,Bakersfield,-12.72419537,Mercer,-12.25590964
Sacred Heart,-12.73964963,Southern Utah,-11.57794543,Southeastern La.,-12.37316731,Chicago St.,-11.2737465,CSUN,-11.94518696,A&M-Corpus Christi,-11.85738701,UNC Asheville,-12.74256509,High Point,-12.40560101,Canisius,-12.92998836,Saint Peter's,-12.3646539
Alabama A&M,-12.98760594,Idaho St.,-11.756056,Alabama St.,-12.37738297,Northern Ariz.,-11.46831595,Radford,-12.45977457,USC Upstate,-11.90824587,Southeast Mo. St.,-12.77789948,Ga. Southern,-12.50136847,Southeast Mo. St.,-12.94613849,UT Martin,-12.39967837
Lamar,-13.27886907,Fairleigh Dickinson,-11.78783174,Sacred Heart,-12.52529847,Southern Utah,-11.48414104,Saint Francis (PA),-12.49603341,High Point,-12.26832313,St. Francis Brooklyn,-12.89601046,UNCW,-12.52475098,UC Davis,-13.08407059,Stetson,-12.46081033
Bethune-Cookman,-13.30366161,North Dakota,-11.81639298,Central Conn. St.,-12.6696242,Monmouth,-11.50003173,SIUE,-12.63394315,N.C. Central,-12.38714271,Central Conn. St.,-12.99208316,Longwood,-12.59368413,N.C. A&T,-13.28862548,Lafayette,-12.6341862
Robert Morris,-13.30443386,Jackson St.,-11.89898817,Saint Francis (PA),-12.74370553,Northern Ill.,-11.52019647,Saint Peter's,-12.69736608,Bryant,-12.39031112,Toledo,-13.05536581,Colgate,-12.60590108,Savannah St.,-13.46868769,LIU Brooklyn,-12.64921416
UMES,-13.53027687,Montana St.,-12.17499042,Nicholls St.,-13.03931373,Lipscomb,-11.53466637,Hartford,-12.73211897,NJIT,-12.57738383,Alabama St.,-13.12803617,Savannah St.,-12.66987914,Charleston So.,-13.52390347,Citadel,-13.19584332
USC Upstate,-13.53546866,Austin Peay,-12.42207417,UMBC,-13.12292332,Ark.-Pine Bluff,-11.6782963,Tex.-Pan American,-12.95882533,UT Martin,-12.65454807,Longwood,-13.1463529,Fordham,-12.98623228,Dartmouth,-13.53668599,UC Riverside,-13.24115023
American,-13.74300412,Jacksonville St.,-12.46782911,LIU Brooklyn,-13.22245248,Austin Peay,-11.89227599,Citadel,-13.81067833,Fairleigh Dickinson,-12.75104141,Coppin St.,-13.59950293,Loyola Marymount,-13.01550172,Kennesaw St.,-13.56911367,Northern Colo.,-13.40735972
Ill.-Chicago,-13.76243989,Citadel,-12.64239447,Alabama A&M,-13.42138762,UMBC,-11.97898196,Howard,-13.91212423,Western Ill.,-12.84623466,Prairie View,-13.82586821,Lafayette,-13.0347235,Louisiana Tech,-13.74562336,Western Ill.,-13.48542698
Southeastern La.,-13.81948442,Longwood,-12.7344678,Campbell,-13.57980192,Coppin St.,-12.10706044,Navy,-13.91943181,Alabama St.,-12.87314081,Saint Francis (PA),-14.19724322,Delaware St.,-13.28422498,Coppin St.,-13.80073786,Coppin St.,-14.01331084
Howard,-14.04133971,Houston Baptist,-12.9830535,UT Martin,-13.66078111,Idaho St.,-12.42019426,Canisius,-14.07789132,Marist,-13.11986931,Fairleigh Dickinson,-14.6287776,North Dakota,-13.65697773,Florida A&M,-13.82702124,Iona,-14.19012945
Hartford,-14.04669474,Binghamton,-13.20233253,McNeese St.,-13.75433312,Tex.-Pan American,-12.66396776,Colgate,-14.23252544,Binghamton,-13.23293283,Utah Valley,-14.81703844,Central Ark.,-13.8113113,Mississippi Val.,-13.84525831,Charleston So.,-14.25069359
Alcorn,-14.13048527,Western Ill.,-13.64136578,IUPUI,-13.93111436,East Tenn. St.,-13.06413895,Kennesaw St.,-14.34109799,Sacramento St.,-13.40724563,UMES,-15.02319058,Ark.-Pine Bluff,-14.18022112,Eastern Ill.,-13.84834403,UTSA,-14.45935846
Savannah St.,-14.14406552,Tex.-Pan American,-14.50456688,New Hampshire,-14.24350469,UMKC,-13.11203849,Florida A&M,-14.90045735,Mississippi Val.,-13.41177408,Southern Utah,-15.66840327,Tex.-Pan American,-14.24307371,Maine,-14.45248174,Savannah St.,-14.67538579
Binghamton,-14.18683967,Tennessee St.,-14.87600872,Stetson,-14.47722555,La.-Monroe,-13.48405722,UC Davis,-14.90872858,Kennesaw St.,-13.51323727,UMBC,-15.72101466,Monmouth,-14.27690558,Southern U.,-14.57213093,Presbyterian,-14.76245524
Northwestern St.,-14.34697577,Bethune-Cookman,-14.94539617,Samford,-14.50635033,Alcorn,-13.82409851,Alabama St.,-15.10291616,La.-Monroe,-13.93156336,UT Martin,-15.91956978,Saint Francis (PA),-14.82248877,Bethune-Cookman,-14.57517377,South Dakota St.,-14.84513171
Lafayette,-14.76751698,Ark.-Pine Bluff,-15.03002629,Appalachian St.,-14.84024398,Howard,-13.87823602,Northern Ill.,-15.20902625,Toledo,-14.10140783,Marist,-16.12102524,Bryant,-14.9911426,South Carolina St.,-14.58570129,Longwood,-15.12601834
UMBC,-14.78530682,UMBC,-15.24228204,Central Ark.,-14.93917562,Jackson St.,-14.3426817,Houston Baptist,-15.38135526,Dartmouth,-14.27235783,Tex.-Pan American,-16.30496524,Texas Southern,-15.19237538,Jackson St.,-14.62682523,FGCU,-15.27453128
Coppin St.,-15.11056408,Chicago St.,-15.32041512,Ark.-Pine Bluff,-14.94106228,Kennesaw St.,-14.63273708,Southern U.,-15.49283736,Alabama A&M,-14.66943495,Houston Baptist,-16.46889067,Houston Baptist,-15.24008854,Alabama A&M,-14.92837866,UC Davis,-15.32194568
UTSA,-15.11111452,San Jose St.,-15.50893695,Binghamton,-15.10899547,Saint Francis (PA),-14.63840334,Towson,-15.96601155,Colgate,-15.21388736,Stetson,-16.60059294,UNC Greensboro,-15.46032864,Jacksonville St.,-15.0229426,Texas St.,-15.74709818
McNeese St.,-15.27955415,Morgan St.,-15.52052658,Cornell,-15.24440113,Omaha,-14.64533202,Northern Ariz.,-16.00512736,Ga. Southern,-15.3348068,Wagner,-17.21462834,Furman,-15.59823079,Citadel,-15.61256859,Ark.-Pine Bluff,-15.75594631
The Citadel,-15.64995488,Nicholls St.,-15.66455433,Alcorn,-15.51163802,Houston Baptist,-14.93300469,Ark.-Pine Bluff,-16.08764449,Longwood,-15.42592678,Dartmouth,-17.39600801,Howard,-15.68641702,Sacramento St.,-16.32308967,Norfolk St.,-16.09907437
Southeast Mo. St.,-15.77592644,Liberty,-15.82408799,Kennesaw St.,-15.79144602,Prairie View,-15.13858025,UMES,-16.10326063,Tex.-Pan American,-15.99415276,Florida A&M,-17.4724747,Florida A&M,-15.82842836,Ark.-Pine Bluff,-16.32474043,Southern U.,-16.26489697
Central Ark.,-15.89629969,N.C. A&T,-15.83146295,N.C. A&T,-15.96391457,IUPUI,-15.40230302,Prairie View,-16.20195175,South Carolina St.,-16.13170199,Presbyterian,-17.77927017,Sacramento St.,-16.36764124,Loyola Marymount,-16.39958169,Alabama St.,-16.39164936
Chicago St.,-15.98231056,Stetson,-15.88936429,Lamar,-16.17601587,Florida A&M,-15.58826459,Fairleigh Dickinson,-16.30916657,Radford,-16.21051501,Howard,-18.15913118,Fairleigh Dickinson,-16.92293916,Longwood,-16.90710435,Howard,-16.66612256
UTRGV,-16.0000922,Central Conn. St.,-16.13532161,Houston Baptist,-16.2399543,UT Martin,-16.11568306,UT Martin,-16.42042005,Florida A&M,-16.2405265,VMI,-18.19015923,Northwestern St.,-17.14752646,North Florida,-19.23515906,Denver,-16.70752486
Prairie View,-16.52978264,Presbyterian,-16.14718755,Prairie View,-16.27526831,Citadel,-16.49324626,Central Ark.,-16.58142263,Houston Baptist,-17.7977299,Mississippi Val.,-18.42412296,Mississippi Val.,-17.14992084,Texas Southern,-19.41788478,Texas Southern,-18.04647237
N.C. A&T,-16.6668047,Jacksonville,-16.41295269,Howard,-16.28521951,Furman,-16.93900612,Jackson St.,-16.81239922,UMBC,-17.88305518,Gardner-Webb,-18.43410065,Southern U.,-17.28255726,Prairie View,-19.85977251,Grambling,-18.4950316
Southern Utah,-17.02425839,Kennesaw St.,-16.54959242,Bethune-Cookman,-16.37191907,Presbyterian,-16.97176656,Bryant,-17.21948144,Grambling,-17.93507851,N.C. Central,-18.47408374,Southeast Mo. St.,-17.60810787,North Dakota,-20.0993878,NJIT,-19.14756308
Northern Ariz.,-17.25407876,Coppin St.,-16.67582772,Maine,-16.41242013,Alabama St.,-17.40328289,Nicholls St.,-17.86674518,Howard,-18.21382089,SIUE,-18.63459686,SIUE,-17.65920226,Howard,-21.3168844,Bethune-Cookman,-19.66542719
Maine,-17.28985054,Alabama A&M,-16.7104873,UMES,-16.55200629,Fairleigh Dickinson,-17.47058116,Omaha,-18.38649131,Central Ark.,-18.70138067,Alabama A&M,-18.8536133,Kennesaw St.,-17.86627083,Alcorn,-21.36674933,North Florida,-20.10507738
Bryant,-18.32420678,South Carolina St.,-17.06238249,South Carolina St.,-16.75307645,South Carolina St.,-17.59762067,Chicago St.,-18.62796171,UMES,-18.79058945,North Dakota,-18.90682229,North Florida,-17.95698977,Grambling,-22.05385919,Alcorn,-20.9657123
Grambling,-18.33715265,Maine,-17.39618502,Furman,-16.96505213,Alabama A&M,-17.94678025,Alabama A&M,-18.64435995,Prairie View,-19.01818376,NJIT,-19.33138619,Alabama A&M,-18.478926,UMES,-22.174091,Alabama A&M,-21.67403525
Nicholls St.,-18.36107815,Savannah St.,-17.83296932,Citadel,-17.13410776,Binghamton,-18.00145581,Alcorn,-18.89303808,Ark.-Pine Bluff,-19.46176536,Chicago St.,-20.00010047,UMES,-21.35933256,N.C. Central,-24.18509357,UMES,-22.07372011
Ark.-Pine Bluff,-18.74625204,Alcorn,-20.37915476,Southern Utah,-19.4958412,Mississippi Val.,-18.65101333,UMBC,-19.16649496,SIUE,-21.76236752,Grambling,-21.62521807,Grambling,-21.78318527,NJIT,-26.06894306,Prairie View,-22.22786695
Mississippi Val.,-19.48525925,Central Ark.,-22.40920027,Longwood,-19.86163915,Longwood,-18.85136459,Binghamton,-19.45910493,Alcorn,-22.4956886,Southern U.,-23.23749678,N.C. Central,-24.00629649,,,N.C. Central,-30.30360771
Delaware St.,-20.08539015,Mississippi Val.,-23.5423986,Presbyterian,-20.26772765,UMES,-19.08671945,Longwood,-19.80044927,Southern U.,-25.09658669,Bryant,-23.92157832,Alcorn,-24.37726812,,,,
Florida A&M,-20.95659696,Florida A&M,-25.82676287,Mississippi Val.,-20.62682645,Lamar,-19.97111648,South Carolina St.,-20.11731628,Chicago St.,-27.0915733,Alcorn,-28.9934378,NJIT,-24.93084825,,,,
Central Conn. St.,-22.59397466,Grambling,-30.04379997,Grambling,-24.13677259,Grambling,-35.38238516,Grambling,-26.13666835,,,,,,,,,,
